image,gate1,gate2,color,lighting,source,model
%~n1-192.jpg,0,0.0,0,Light,internal,3 2017–2023
%~n1-193.jpg,0,0.0,0,Light,internal,3 2017–2023
%~n1-194.jpg,0,0.0,0,Light,internal,3 2017–2023
%~n1-228.jpg,0,0.0,6,Light,internal,3 2017–2023
%~n1-375.jpg,0,5.0,6,Light,internal,Y 2020–2024
%~n1-376.jpg,0,5.0,6,Light,internal,Y 2020–2024
%~n1-377.jpg,0,5.0,6,Light,internal,Y 2020–2024
%~n1-378.jpg,0,1.0,0,Light,internal,3 2024–nå
%~n1-379.jpg,0,1.0,0,Light,internal,3 2024–nå
%~n1-380.jpg,0,1.0,0,Light,internal,3 2024–nå
%~n1-381.jpg,0,5.0,1,Light,internal,Y 2020–2024
%~n1-382.jpg,0,5.0,1,Light,internal,Y 2020–2024
%~n1-383.jpg,0,5.0,1,Light,internal,Y 2020–2024
%~n1-384.jpg,0,5.0,6,Light,internal,Y 2020–2024
%~n1-385.jpg,0,5.0,6,Light,internal,Y 2020–2024
%~n1-386.jpg,0,5.0,6,Light,internal,Y 2020–2024
%~n1-387.jpg,0,5.0,1,Light,internal,Y 2020–2024
%~n1-388.jpg,0,5.0,1,Light,internal,Y 2020–2024
%~n1-389.jpg,0,5.0,1,Light,internal,Y 2020–2024
%~n1-390.jpg,0,1.0,1,Light,internal,3 2024–nå
%~n1-391.jpg,0,1.0,1,Light,internal,3 2024–nå
%~n1-392.jpg,0,1.0,1,Light,internal,3 2024–nå
%~n1-393.jpg,0,5.0,6,Light,internal,Y 2020–2024
%~n1-394.jpg,0,5.0,6,Light,internal,Y 2020–2024
%~n1-395.jpg,0,5.0,6,Light,internal,Y 2020–2024
%~n1-396.jpg,0,0.0,6,Light,internal,3 2017–2023
%~n1-397.jpg,0,0.0,6,Light,internal,3 2017–2023
%~n1-398.jpg,0,0.0,6,Light,internal,3 2017–2023
%~n1-399.jpg,0,5.0,0,Light,internal,Y 2020–2024
%~n1-400.jpg,0,5.0,0,Light,internal,Y 2020–2024
%~n1-401.jpg,0,5.0,0,Light,internal,Y 2020–2024
%~n1-402.jpg,0,1.0,0,Light,internal,3 2024–nå
%~n1-403.jpg,0,1.0,0,Light,internal,3 2024–nå
%~n1-404.jpg,0,1.0,0,Light,internal,3 2024–nå
%~n1-405.jpg,0,0.0,3,Light,internal,3 2017–2023
%~n1-406.jpg,0,0.0,3,Light,internal,3 2017–2023
%~n1-407.jpg,0,0.0,3,Light,internal,3 2017–2023
%~n1-408.jpg,0,0.0,0,Light,internal,3 2017–2023
%~n1-409.jpg,0,0.0,3,Light,internal,3 2017–2023
%~n1-410.jpg,0,0.0,0,Light,internal,3 2017–2023
%~n1-411.jpg,0,0.0,1,Light,internal,3 2017–2023
%~n1-412.jpg,0,0.0,1,Light,internal,3 2017–2023
%~n1-413.jpg,0,0.0,1,Light,internal,3 2017–2023
%~n1-414.jpg,0,0.0,6,Light,internal,3 2017–2023
%~n1-415.jpg,0,0.0,6,Light,internal,3 2017–2023
%~n1-416.jpg,0,0.0,6,Light,internal,3 2017–2023
%~n1-417.jpg,0,6.0,6,Light,internal,Y 2025-nå
%~n1-418.jpg,0,6.0,6,Light,internal,Y 2025-nå
%~n1-419.jpg,0,6.0,6,Light,internal,Y 2025-nå
%~n1-420.jpg,0,5.0,6,Light,internal,Y 2020–2024
%~n1-421.jpg,0,5.0,6,Light,internal,Y 2020–2024
%~n1-422.jpg,0,5.0,6,Light,internal,Y 2020–2024
%~n1-423.jpg,0,5.0,0,Light,internal,Y 2020–2024
%~n1-424.jpg,0,5.0,0,Light,internal,Y 2020–2024
%~n1-425.jpg,0,5.0,0,Light,internal,Y 2020–2024
%~n1-426.jpg,0,5.0,6,Light,internal,Y 2020–2024
%~n1-427.jpg,0,5.0,6,Light,internal,Y 2020–2024
%~n1-428.jpg,0,5.0,6,Light,internal,Y 2020–2024
%~n1-429.jpg,0,2.0,0,Light,internal,S 2012–2015
%~n1-430.jpg,0,2.0,0,Light,internal,S 2012–2015
%~n1-431.jpg,0,2.0,0,Light,internal,S 2012–2015
%~n1-432.jpg,0,2.0,0,Light,internal,S 2012–2015
%~n1-433.jpg,0,4.0,6,Light,internal,X
%~n1-434.jpg,0,4.0,6,Light,internal,X
%~n1-435.jpg,0,4.0,6,Light,internal,X
%~n1-436.jpg,0,4.0,6,Light,internal,X
%~n1-437.jpg,0,4.0,6,Light,internal,X
%~n1-438.jpg,0,4.0,6,Light,internal,X
%~n1-439.jpg,0,0.0,0,Light,internal,3 2017–2023
%~n1-440.jpg,0,0.0,0,Light,internal,3 2017–2023
%~n1-441.jpg,0,0.0,0,Light,internal,3 2017–2023
%~n1-442.jpg,0,5.0,0,Light,internal,Y 2020–2024
%~n1-443.jpg,0,5.0,0,Light,internal,Y 2020–2024
%~n1-444.jpg,0,5.0,0,Light,internal,Y 2020–2024
%~n1-445.jpg,0,4.0,6,Light,internal,X
%~n1-446.jpg,0,4.0,6,Light,internal,X
%~n1-447.jpg,0,4.0,6,Light,internal,X
%~n1-448.jpg,0,5.0,5,Light,internal,Y 2020–2024
%~n1-449.jpg,0,5.0,5,Light,internal,Y 2020–2024
%~n1-450.jpg,0,5.0,5,Light,internal,Y 2020–2024
%~n1-451.jpg,0,5.0,5,Light,internal,Y 2020–2024
%~n1-452.jpg,0,0.0,6,Light,internal,3 2017–2023
%~n1-453.jpg,0,0.0,6,Light,internal,3 2017–2023
%~n1-454.jpg,0,0.0,6,Light,internal,3 2017–2023
%~n1-455.jpg,0,5.0,3,Light,internal,Y 2020–2024
%~n1-456.jpg,0,5.0,3,Light,internal,Y 2020–2024
%~n1-457.jpg,0,5.0,3,Light,internal,Y 2020–2024
%~n1-463.jpg,0,5.0,0,Light,internal,Y 2020–2024
%~n1-464.jpg,0,5.0,1,Light,internal,Y 2020–2024
%~n1-465.jpg,0,5.0,1,Light,internal,Y 2020–2024
%~n1-466.jpg,0,5.0,1,Light,internal,Y 2020–2024
%~n1-467.jpg,0,1.0,1,Light,internal,3 2024–nå
%~n1-468.jpg,0,1.0,1,Light,internal,3 2024–nå
%~n1-469.jpg,0,5.0,6,Light,internal,Y 2020–2024
%~n1-470.jpg,0,5.0,6,Light,internal,Y 2020–2024
%~n1-471.jpg,0,5.0,6,Light,internal,Y 2020–2024
%~n1-472.jpg,0,5.0,6,Light,internal,Y 2020–2024
%~n1-473.jpg,0,5.0,6,Light,internal,Y 2020–2024
%~n1-474.jpg,0,0.0,0,Light,internal,3 2017–2023
%~n1-475.jpg,0,0.0,0,Light,internal,3 2017–2023
%~n1-476.jpg,0,0.0,0,Light,internal,3 2017–2023
%~n1-480.jpg,0,5.0,0,Light,internal,Y 2020–2024
%~n1-481.jpg,0,5.0,0,Light,internal,Y 2020–2024
%~n1-482.jpg,0,5.0,0,Light,internal,Y 2020–2024
%~n1-484.jpg,0,1.0,1,Light,internal,3 2024–nå
%~n1-485.jpg,0,1.0,1,Light,internal,3 2024–nå
%~n1-486.jpg,0,1.0,1,Light,internal,3 2024–nå
%~n1-488.jpg,0,1.0,6,Light,internal,3 2024–nå
%~n1-489.jpg,0,1.0,6,Light,internal,3 2024–nå
%~n1-490.jpg,0,1.0,6,Light,internal,3 2024–nå
%~n1-491.jpg,0,6.0,0,Light,internal,Y 2025-nå
%~n1-492.jpg,0,6.0,0,Light,internal,Y 2025-nå
%~n1-494.jpg,0,6.0,0,Light,internal,Y 2025-nå
%~n1-495.jpg,0,6.0,0,Light,internal,Y 2025-nå
%~n1-496.jpg,0,6.0,0,Light,internal,Y 2025-nå
%~n1-499.jpg,0,6.0,5,Light,internal,Y 2025-nå
%~n1-500.jpg,0,6.0,5,Light,internal,Y 2025-nå
%~n1-501.jpg,0,6.0,5,Light,internal,Y 2025-nå
%~n1-503.jpg,0,5.0,6,Light,internal,Y 2020–2024
%~n1-504.jpg,0,5.0,6,Light,internal,Y 2020–2024
%~n1-505.jpg,0,0.0,5,Light,internal,3 2017–2023
%~n1-506.jpg,0,0.0,5,Light,internal,3 2017–2023
%~n1-507.jpg,0,5.0,1,Light,internal,Y 2020–2024
%~n1-508.jpg,0,5.0,1,Light,internal,Y 2020–2024
%~n1-509.jpg,0,5.0,1,Light,internal,Y 2020–2024
%~n1-518.jpg,0,1.0,0,Light,internal,3 2024–nå
%~n1-520.jpg,0,0.0,6,Light,internal,3 2017–2023
%~n1-521.jpg,0,0.0,6,Light,internal,3 2017–2023
%~n1-522.jpg,0,0.0,6,Light,internal,3 2017–2023
%~n1-524.jpg,0,2.0,0,Light,internal,S 2012–2015
%~n1-525.jpg,0,2.0,0,Light,internal,S 2012–2015
%~n1-526.jpg,0,2.0,0,Light,internal,S 2012–2015
%~n1-527.jpg,0,2.0,0,Light,internal,S 2012–2015
%~n1-530.jpg,0,5.0,6,Light,internal,Y 2020–2024
%~n1-531.jpg,0,5.0,6,Light,internal,Y 2020–2024
%~n1-532.jpg,0,5.0,6,Light,internal,Y 2020–2024
%~n1-533.jpg,0,1.0,1,Light,internal,3 2024–nå
%~n1-534.jpg,0,0.0,0,Light,internal,3 2017–2023
20260129_121357905_iOS.jpg,0,1.0,6,Light,internal,3 2024–nå
20260129_121400950_iOS.jpg,0,1.0,6,Light,internal,3 2024–nå
20260129_121403720_iOS.jpg,0,1.0,6,Light,internal,3 2024–nå
20260129_121429571_iOS.jpg,0,4.0,3,Light,internal,X
20260129_121435390_iOS.jpg,0,4.0,3,Light,internal,X
20260129_121437973_iOS.jpg,0,4.0,3,Light,internal,X
20260129_121506276_iOS.jpg,0,5.0,0,Light,internal,Y 2020–2024
20260129_121508389_iOS.jpg,0,5.0,0,Light,internal,Y 2020–2024
20260129_121510599_iOS.jpg,0,5.0,0,Light,internal,Y 2020–2024
20260129_121556791_iOS.jpg,0,0.0,3,Light,internal,3 2017–2023
20260129_121600419_iOS.jpg,0,0.0,3,Light,internal,3 2017–2023
20260129_121604152_iOS.jpg,0,0.0,3,Light,internal,3 2017–2023
20260129_121636970_iOS.jpg,0,5.0,6,Light,internal,Y 2020–2024
20260129_121639576_iOS.jpg,0,5.0,6,Light,internal,Y 2020–2024
20260129_121642313_iOS.jpg,0,5.0,6,Light,internal,Y 2020–2024
20260129_121718304_iOS.jpg,0,6.0,0,Light,internal,Y 2025-nå
20260129_121722670_iOS.jpg,0,6.0,0,Light,internal,Y 2025-nå
20260129_121726917_iOS.jpg,0,6.0,0,Light,internal,Y 2025-nå
20260129_122016402_iOS.jpg,0,5.0,6,Light,internal,Y 2020–2024
20260129_122018932_iOS.jpg,0,5.0,6,Light,internal,Y 2020–2024
20260129_122021890_iOS.jpg,0,5.0,6,Light,internal,Y 2020–2024
20260129_122035090_iOS.jpg,0,1.0,0,Light,internal,3 2024–nå
20260129_122037077_iOS.jpg,0,1.0,3,Light,internal,3 2024–nå
20260129_122039320_iOS.jpg,0,1.0,3,Light,internal,3 2024–nå
20260129_122056676_iOS.jpg,0,1.0,6,Light,internal,3 2024–nå
20260129_122058939_iOS.jpg,0,1.0,6,Light,internal,3 2024–nå
20260129_122101555_iOS.jpg,0,1.0,6,Light,internal,3 2024–nå
20260129_122240454_iOS.jpg,0,6.0,1,Light,internal,Y 2025-nå
20260129_122244062_iOS.jpg,0,6.0,1,Light,internal,Y 2025-nå
20260129_122248227_iOS.jpg,0,6.0,1,Light,internal,Y 2025-nå
20260129_122413257_iOS.jpg,0,6.0,0,Light,internal,Y 2025-nå
20260129_122415495_iOS.jpg,0,6.0,0,Light,internal,Y 2025-nå
20260129_122417879_iOS.jpg,0,6.0,0,Light,internal,Y 2025-nå
%~n1-100.jpg,0,4.0,0,Medium,internal,X
%~n1-101.jpg,0,5.0,6,Medium,internal,Y 2020–2024
%~n1-102.jpg,0,5.0,6,Medium,internal,Y 2020–2024
%~n1-103.jpg,0,2.0,0,Medium,internal,S 2012–2015
%~n1-104.jpg,0,5.0,6,Medium,internal,Y 2020–2024
%~n1-107.jpg,0,4.0,0,Medium,internal,X
%~n1-108.jpg,0,4.0,0,Medium,internal,X
%~n1-109.jpg,0,4.0,0,Medium,internal,X
%~n1-116.jpg,0,0.0,1,Medium,internal,3 2017–2023
%~n1-118.jpg,0,0.0,1,Medium,internal,3 2017–2023
%~n1-119.jpg,0,0.0,1,Medium,internal,3 2017–2023
%~n1-120.jpg,0,1.0,6,Medium,internal,3 2024–nå
%~n1-121.jpg,0,1.0,6,Medium,internal,3 2024–nå
%~n1-122.jpg,0,1.0,6,Medium,internal,3 2024–nå
%~n1-123.jpg,0,0.0,6,Medium,internal,3 2017–2023
%~n1-137.jpg,0,5.0,3,Medium,internal,Y 2020–2024
%~n1-138.jpg,0,5.0,3,Medium,internal,Y 2020–2024
%~n1-140.jpg,0,6.0,6,Medium,internal,Y 2025-nå
%~n1-141.jpg,0,6.0,6,Medium,internal,Y 2025-nå
%~n1-142.jpg,0,6.0,6,Medium,internal,Y 2025-nå
%~n1-143.jpg,0,3.0,5,Medium,internal,S 2016–nå
%~n1-144.jpg,0,3.0,5,Medium,internal,S 2016–nå
%~n1-145.jpg,0,3.0,5,Medium,internal,S 2016–nå
%~n1-146.jpg,0,5.0,1,Medium,internal,Y 2020–2024
%~n1-147.jpg,0,5.0,1,Medium,internal,Y 2020–2024
%~n1-148.jpg,0,5.0,1,Medium,internal,Y 2020–2024
%~n1-149.jpg,0,0.0,6,Medium,internal,3 2017–2023
%~n1-150.jpg,0,0.0,6,Medium,internal,3 2017–2023
%~n1-151.jpg,0,0.0,6,Medium,internal,3 2017–2023
%~n1-152.jpg,0,5.0,6,Medium,internal,Y 2020–2024
%~n1-153.jpg,0,5.0,6,Medium,internal,Y 2020–2024
%~n1-154.jpg,0,5.0,6,Medium,internal,Y 2020–2024
%~n1-158.jpg,0,1.0,3,Medium,internal,3 2024–nå
%~n1-16.jpg,0,0.0,5,Medium,internal,3 2017–2023
%~n1-160.jpg,0,1.0,3,Medium,internal,3 2024–nå
%~n1-163.jpg,0,6.0,0,Medium,internal,Y 2025-nå
%~n1-167.jpg,0,6.0,0,Medium,internal,Y 2025-nå
%~n1-168.jpg,0,5.0,6,Medium,internal,Y 2020–2024
%~n1-169.jpg,0,5.0,6,Medium,internal,Y 2020–2024
%~n1-170.jpg,0,5.0,6,Medium,internal,Y 2020–2024
%~n1-171.jpg,0,1.0,6,Medium,internal,3 2024–nå
%~n1-172.jpg,0,1.0,6,Medium,internal,3 2024–nå
%~n1-173.jpg,0,1.0,6,Medium,internal,3 2024–nå
%~n1-174.jpg,0,6.0,6,Medium,internal,Y 2025-nå
%~n1-175.jpg,0,6.0,6,Medium,internal,Y 2025-nå
%~n1-176.jpg,0,6.0,6,Medium,internal,Y 2025-nå
%~n1-189.jpg,0,6.0,6,Medium,internal,Y 2025-nå
%~n1-190.jpg,0,6.0,6,Medium,internal,Y 2025-nå
%~n1-191.jpg,0,6.0,6,Medium,internal,Y 2025-nå
%~n1-195.jpg,0,5.0,1,Medium,internal,Y 2020–2024
%~n1-196.jpg,0,5.0,1,Medium,internal,Y 2020–2024
%~n1-197.jpg,0,5.0,1,Medium,internal,Y 2020–2024
%~n1-20.jpg,0,5.0,6,Medium,internal,Y 2020–2024
%~n1-201.jpg,0,6.0,0,Medium,internal,Y 2025-nå
%~n1-202.jpg,0,6.0,0,Medium,internal,Y 2025-nå
%~n1-203.jpg,0,6.0,0,Medium,internal,Y 2025-nå
%~n1-207.jpg,0,5.0,6,Medium,internal,Y 2020–2024
%~n1-208.jpg,0,5.0,6,Medium,internal,Y 2020–2024
%~n1-209.jpg,0,5.0,6,Medium,internal,Y 2020–2024
%~n1-21.jpg,0,5.0,6,Medium,internal,Y 2020–2024
%~n1-210.jpg,0,5.0,6,Medium,internal,Y 2020–2024
%~n1-211.jpg,0,5.0,6,Medium,internal,Y 2020–2024
%~n1-212.jpg,0,5.0,6,Medium,internal,Y 2020–2024
%~n1-213.jpg,0,5.0,3,Medium,internal,Y 2020–2024
%~n1-214.jpg,0,5.0,3,Medium,internal,Y 2020–2024
%~n1-215.jpg,0,5.0,3,Medium,internal,Y 2020–2024
%~n1-216.jpg,0,6.0,0,Medium,internal,Y 2025-nå
%~n1-217.jpg,0,6.0,0,Medium,internal,Y 2025-nå
%~n1-218.jpg,0,6.0,0,Medium,internal,Y 2025-nå
%~n1-22.jpg,0,5.0,6,Medium,internal,Y 2020–2024
%~n1-225.jpg,0,6.0,0,Medium,internal,Y 2025-nå
%~n1-226.jpg,0,6.0,0,Medium,internal,Y 2025-nå
%~n1-227.jpg,0,6.0,0,Medium,internal,Y 2025-nå
%~n1-229.jpg,0,0.0,6,Medium,internal,3 2017–2023
%~n1-23.jpg,0,0.0,1,Medium,internal,3 2017–2023
%~n1-230.jpg,0,0.0,6,Medium,internal,3 2017–2023
%~n1-231.jpg,0,6.0,6,Medium,internal,Y 2025-nå
%~n1-232.jpg,0,6.0,6,Medium,internal,Y 2025-nå
%~n1-233.jpg,0,6.0,6,Medium,internal,Y 2025-nå
%~n1-234.jpg,0,0.0,0,Medium,internal,3 2017–2023
%~n1-235.jpg,0,0.0,0,Medium,internal,3 2017–2023
%~n1-236.jpg,0,0.0,0,Medium,internal,3 2017–2023
%~n1-24.jpg,0,0.0,1,Medium,internal,3 2017–2023
%~n1-243.jpg,0,6.0,6,Medium,internal,Y 2025-nå
%~n1-244.jpg,0,6.0,6,Medium,internal,Y 2025-nå
%~n1-247.jpg,0,5.0,5,Medium,internal,Y 2020–2024
%~n1-249.jpg,0,6.0,6,Medium,internal,Y 2025-nå
%~n1-25.jpg,0,0.0,6,Medium,internal,3 2017–2023
%~n1-250.jpg,0,6.0,6,Medium,internal,Y 2025-nå
%~n1-251.jpg,0,6.0,6,Medium,internal,Y 2025-nå
%~n1-252.jpg,0,6.0,0,Medium,internal,Y 2025-nå
%~n1-253.jpg,0,6.0,0,Medium,internal,Y 2025-nå
%~n1-254.jpg,0,6.0,0,Medium,internal,Y 2025-nå
%~n1-255.jpg,0,0.0,1,Medium,internal,3 2017–2023
%~n1-257.jpg,0,0.0,1,Medium,internal,3 2017–2023
%~n1-258.jpg,0,0.0,6,Medium,internal,3 2017–2023
%~n1-259.jpg,0,0.0,6,Medium,internal,3 2017–2023
%~n1-261.jpg,0,0.0,6,Medium,internal,3 2017–2023
%~n1-265.jpg,0,5.0,0,Medium,internal,Y 2020–2024
%~n1-266.jpg,0,6.0,6,Medium,internal,Y 2025-nå
%~n1-270.jpg,0,6.0,6,Medium,internal,Y 2025-nå
%~n1-271.jpg,0,0.0,6,Medium,internal,3 2017–2023
%~n1-274.jpg,0,6.0,6,Medium,internal,Y 2025-nå
%~n1-275.jpg,0,6.0,6,Medium,internal,Y 2025-nå
%~n1-276.jpg,0,6.0,6,Medium,internal,Y 2025-nå
%~n1-277.jpg,0,5.0,0,Medium,internal,Y 2020–2024
%~n1-278.jpg,0,5.0,0,Medium,internal,Y 2020–2024
%~n1-279.jpg,0,5.0,0,Medium,internal,Y 2020–2024
%~n1-28.jpg,0,6.0,6,Medium,internal,Y 2025-nå
%~n1-281.jpg,0,6.0,0,Medium,internal,Y 2025-nå
%~n1-282.jpg,0,6.0,0,Medium,internal,Y 2025-nå
%~n1-283.jpg,0,6.0,0,Medium,internal,Y 2025-nå
%~n1-284.jpg,0,6.0,0,Medium,internal,Y 2025-nå
%~n1-285.jpg,0,6.0,0,Medium,internal,Y 2025-nå
%~n1-286.jpg,0,1.0,0,Medium,internal,3 2024–nå
%~n1-287.jpg,0,1.0,0,Medium,internal,3 2024–nå
%~n1-288.jpg,0,1.0,0,Medium,internal,3 2024–nå
%~n1-289.jpg,0,5.0,3,Medium,internal,Y 2020–2024
%~n1-29.jpg,0,6.0,6,Medium,internal,Y 2025-nå
%~n1-290.jpg,0,5.0,3,Medium,internal,Y 2020–2024
%~n1-291.jpg,0,0.0,3,Medium,internal,3 2017–2023
%~n1-292.jpg,0,0.0,0,Medium,internal,3 2017–2023
%~n1-293.jpg,0,0.0,6,Medium,internal,3 2017–2023
%~n1-294.jpg,0,5.0,0,Medium,internal,Y 2020–2024
%~n1-295.jpg,0,5.0,0,Medium,internal,Y 2020–2024
%~n1-296.jpg,0,5.0,0,Medium,internal,Y 2020–2024
%~n1-297.jpg,0,6.0,6,Medium,internal,Y 2025-nå
%~n1-298.jpg,0,6.0,6,Medium,internal,Y 2025-nå
%~n1-300.jpg,0,0.0,6,Medium,internal,3 2017–2023
%~n1-301.jpg,0,0.0,6,Medium,internal,3 2017–2023
%~n1-302.jpg,0,0.0,6,Medium,internal,3 2017–2023
%~n1-303.jpg,0,0.0,0,Medium,internal,3 2017–2023
%~n1-304.jpg,0,0.0,0,Medium,internal,3 2017–2023
%~n1-31.jpg,0,5.0,6,Medium,internal,Y 2020–2024
%~n1-310.jpg,0,6.0,5,Medium,internal,Y 2025-nå
%~n1-312.jpg,0,6.0,3,Medium,internal,Y 2025-nå
%~n1-313.jpg,0,6.0,3,Medium,internal,Y 2025-nå
%~n1-314.jpg,0,6.0,3,Medium,internal,Y 2025-nå
%~n1-318.jpg,0,6.0,0,Medium,internal,Y 2025-nå
%~n1-319.jpg,0,6.0,0,Medium,internal,Y 2025-nå
%~n1-320.jpg,0,6.0,0,Medium,internal,Y 2025-nå
%~n1-321.jpg,0,5.0,6,Medium,internal,Y 2020–2024
%~n1-322.jpg,0,5.0,6,Medium,internal,Y 2020–2024
%~n1-323.jpg,0,5.0,6,Medium,internal,Y 2020–2024
%~n1-328.jpg,0,4.0,0,Dark,internal,X
%~n1-329.jpg,0,5.0,3,Medium,internal,Y 2020–2024
%~n1-35.jpg,0,6.0,0,Medium,internal,Y 2025-nå
%~n1-350.jpg,0,5.0,1,Medium,internal,Y 2020–2024
%~n1-352.jpg,0,5.0,1,Medium,internal,Y 2020–2024
%~n1-353.jpg,0,5.0,0,Medium,internal,Y 2020–2024
%~n1-354.jpg,0,5.0,0,Medium,internal,Y 2020–2024
%~n1-363.jpg,0,5.0,0,Medium,internal,Y 2020–2024
%~n1-365.jpg,0,5.0,0,Medium,internal,Y 2020–2024
%~n1-366.jpg,0,0.0,0,Light,internal,3 2017–2023
%~n1-367.jpg,0,5.0,6,Medium,internal,Y 2020–2024
%~n1-370.jpg,0,0.0,0,Medium,internal,3 2017–2023
%~n1-372.jpg,0,6.0,0,Medium,internal,Y 2025-nå
%~n1-373.jpg,0,6.0,0,Medium,internal,Y 2025-nå
%~n1-374.jpg,0,6.0,0,Medium,internal,Y 2025-nå
%~n1-45.jpg,0,1.0,6,Medium,internal,3 2024–nå
%~n1-48.jpg,0,5.0,0,Medium,internal,Y 2020–2024
%~n1-49.jpg,0,5.0,0,Medium,internal,Y 2020–2024
%~n1-50.jpg,0,5.0,0,Medium,internal,Y 2020–2024
%~n1-51.jpg,0,6.0,3,Medium,internal,Y 2025-nå
%~n1-52.jpg,0,6.0,3,Medium,internal,Y 2025-nå
%~n1-53.jpg,0,6.0,3,Medium,internal,Y 2025-nå
%~n1-54.jpg,0,5.0,0,Medium,internal,Y 2020–2024
%~n1-55.jpg,0,5.0,0,Medium,internal,Y 2020–2024
%~n1-56.jpg,0,5.0,0,Medium,internal,Y 2020–2024
%~n1-57.jpg,0,4.0,3,Medium,internal,X
%~n1-58.jpg,0,4.0,3,Medium,internal,X
%~n1-59.jpg,0,4.0,3,Medium,internal,X
%~n1-60.jpg,0,4.0,5,Medium,internal,X
%~n1-61.jpg,0,4.0,5,Medium,internal,X
%~n1-62.jpg,0,4.0,5,Medium,internal,X
%~n1-66.jpg,0,0.0,0,Medium,internal,3 2017–2023
%~n1-68.jpg,0,0.0,0,Medium,internal,3 2017–2023
%~n1-78.jpg,0,4.0,0,Medium,internal,X
%~n1-83.jpg,0,1.0,5,Medium,internal,3 2024–nå
%~n1-84.jpg,0,1.0,5,Medium,internal,3 2024–nå
%~n1-88.jpg,0,5.0,0,Medium,internal,Y 2020–2024
%~n1-99.jpg,0,4.0,0,Medium,internal,X
%~n1-0.jpg,0,1.0,3,Dark,internal,3 2024–nå
%~n1-1.jpg,0,1.0,3,Dark,internal,3 2024–nå
%~n1-10.jpg,0,5.0,0,Dark,internal,Y 2020–2024
%~n1-105.jpg,0,5.0,6,Dark,internal,Y 2020–2024
%~n1-106.jpg,0,5.0,6,Dark,internal,Y 2020–2024
%~n1-11.jpg,0,5.0,0,Dark,internal,Y 2020–2024
%~n1-110.jpg,0,4.0,0,Dark,internal,X
%~n1-111.jpg,0,4.0,0,Dark,internal,X
%~n1-112.jpg,0,4.0,0,Medium,internal,X
%~n1-113.jpg,0,5.0,0,Dark,internal,Y 2020–2024
%~n1-114.jpg,0,5.0,0,Dark,internal,Y 2020–2024
%~n1-115.jpg,0,5.0,0,Dark,internal,Y 2020–2024
%~n1-117.jpg,0,0.0,1,Dark,internal,3 2017–2023
%~n1-12.jpg,0,5.0,0,Dark,internal,Y 2020–2024
%~n1-124.jpg,0,0.0,0,Dark,internal,3 2017–2023
%~n1-125.jpg,0,0.0,0,Dark,internal,3 2017–2023
%~n1-126.jpg,0,0.0,0,Dark,internal,3 2017–2023
%~n1-127.jpg,0,6.0,5,Dark,internal,Y 2025-nå
%~n1-128.jpg,0,6.0,5,Dark,internal,Y 2025-nå
%~n1-129.jpg,0,6.0,5,Dark,internal,Y 2025-nå
%~n1-13.jpg,0,3.0,0,Dark,internal,S 2016–nå
%~n1-130.jpg,0,6.0,5,Dark,internal,Y 2025-nå
%~n1-131.jpg,0,5.0,0,Dark,internal,Y 2020–2024
%~n1-132.jpg,0,5.0,0,Dark,internal,Y 2020–2024
%~n1-133.jpg,0,5.0,0,Dark,internal,Y 2020–2024
%~n1-134.jpg,0,0.0,0,Dark,internal,3 2017–2023
%~n1-135.jpg,0,0.0,0,Dark,internal,3 2017–2023
%~n1-136.jpg,0,0.0,0,Dark,internal,3 2017–2023
%~n1-139.jpg,0,5.0,3,Dark,internal,Y 2020–2024
%~n1-14.jpg,0,3.0,0,Dark,internal,S 2016–nå
%~n1-15.jpg,0,3.0,0,Dark,internal,S 2016–nå
%~n1-155.jpg,0,5.0,0,Dark,internal,Y 2020–2024
%~n1-156.jpg,0,5.0,0,Dark,internal,Y 2020–2024
%~n1-157.jpg,0,5.0,0,Dark,internal,Y 2020–2024
%~n1-159.jpg,0,1.0,3,Dark,internal,3 2024–nå
%~n1-161.jpg,0,6.0,0,Dark,internal,Y 2025-nå
%~n1-162.jpg,0,6.0,0,Dark,internal,Y 2025-nå
%~n1-164.jpg,0,0.0,0,Dark,internal,3 2017–2023
%~n1-165.jpg,0,0.0,0,Dark,internal,3 2017–2023
%~n1-166.jpg,0,0.0,0,Dark,internal,3 2017–2023
%~n1-17.jpg,0,0.0,5,Dark,internal,3 2017–2023
%~n1-177.jpg,0,5.0,0,Dark,internal,Y 2020–2024
%~n1-178.jpg,0,5.0,0,Dark,internal,Y 2020–2024
%~n1-179.jpg,0,5.0,0,Dark,internal,Y 2020–2024
%~n1-18.jpg,0,4.0,3,Dark,internal,X
%~n1-180.jpg,0,5.0,0,Dark,internal,Y 2020–2024
%~n1-181.jpg,0,5.0,0,Dark,internal,Y 2020–2024
%~n1-182.jpg,0,5.0,0,Dark,internal,Y 2020–2024
%~n1-183.jpg,0,0.0,0,Dark,internal,3 2017–2023
%~n1-184.jpg,0,0.0,0,Dark,internal,3 2017–2023
%~n1-185.jpg,0,0.0,0,Dark,internal,3 2017–2023
%~n1-186.jpg,0,6.0,0,Dark,internal,Y 2025-nå
%~n1-187.jpg,0,6.0,0,Dark,internal,Y 2025-nå
%~n1-188.jpg,0,6.0,0,Dark,internal,Y 2025-nå
%~n1-19.jpg,0,4.0,0,Dark,internal,X
%~n1-198.jpg,0,5.0,0,Dark,internal,Y 2020–2024
%~n1-199.jpg,0,5.0,0,Dark,internal,Y 2020–2024
%~n1-2.jpg,0,1.0,3,Dark,internal,3 2024–nå
%~n1-200.jpg,0,5.0,0,Dark,internal,Y 2020–2024
%~n1-204.jpg,0,0.0,0,Dark,internal,3 2017–2023
%~n1-205.jpg,0,0.0,0,Dark,internal,3 2017–2023
%~n1-206.jpg,0,0.0,0,Dark,internal,3 2017–2023
%~n1-219.jpg,0,5.0,0,Dark,internal,Y 2020–2024
%~n1-220.jpg,0,5.0,0,Dark,internal,Y 2020–2024
%~n1-221.jpg,0,5.0,0,Dark,internal,Y 2020–2024
%~n1-222.jpg,0,5.0,1,Dark,internal,Y 2020–2024
%~n1-223.jpg,0,5.0,1,Dark,internal,Y 2020–2024
%~n1-224.jpg,0,5.0,1,Dark,internal,Y 2020–2024
%~n1-237.jpg,0,5.0,0,Dark,internal,Y 2020–2024
%~n1-238.jpg,0,5.0,0,Dark,internal,Y 2020–2024
%~n1-239.jpg,0,5.0,0,Dark,internal,Y 2020–2024
%~n1-240.jpg,0,6.0,1,Dark,internal,Y 2025-nå
%~n1-241.jpg,0,6.0,1,Dark,internal,Y 2025-nå
%~n1-242.jpg,0,6.0,1,Dark,internal,Y 2025-nå
%~n1-245.jpg,0,6.0,6,Dark,internal,Y 2025-nå
%~n1-246.jpg,0,5.0,5,Dark,internal,Y 2020–2024
%~n1-248.jpg,0,5.0,5,Dark,internal,Y 2020–2024
%~n1-256.jpg,0,0.0,1,Dark,internal,3 2017–2023
%~n1-26.jpg,0,0.0,6,Dark,internal,3 2017–2023
%~n1-260.jpg,0,5.0,0,Dark,internal,Y 2020–2024
%~n1-262.jpg,0,5.0,6,Dark,internal,Y 2020–2024
%~n1-263.jpg,0,5.0,6,Dark,internal,Y 2020–2024
%~n1-264.jpg,0,5.0,0,Dark,internal,Y 2020–2024
%~n1-267.jpg,0,6.0,6,Dark,internal,Y 2025-nå
%~n1-268.jpg,0,6.0,6,Dark,internal,Y 2025-nå
%~n1-269.jpg,0,6.0,6,Dark,internal,Y 2025-nå
%~n1-27.jpg,0,0.0,6,Dark,internal,3 2017–2023
%~n1-272.jpg,0,0.0,6,Dark,internal,3 2017–2023
%~n1-273.jpg,0,0.0,6,Dark,internal,3 2017–2023
%~n1-280.jpg,0,6.0,0,Dark,internal,Y 2025-nå
%~n1-299.jpg,0,6.0,6,Dark,internal,Y 2025-nå
%~n1-3.jpg,0,0.0,1,Dark,internal,3 2017–2023
%~n1-30.jpg,0,6.0,6,Dark,internal,Y 2025-nå
%~n1-305.jpg,0,0.0,0,Dark,internal,3 2017–2023
%~n1-306.jpg,0,0.0,6,Dark,internal,3 2017–2023
%~n1-307.jpg,0,0.0,6,Dark,internal,3 2017–2023
%~n1-308.jpg,0,0.0,6,Dark,internal,3 2017–2023
%~n1-309.jpg,0,6.0,5,Dark,internal,Y 2025-nå
%~n1-311.jpg,0,6.0,5,Dark,internal,Y 2025-nå
%~n1-315.jpg,0,6.0,0,Dark,internal,Y 2025-nå
%~n1-316.jpg,0,6.0,0,Dark,internal,Y 2025-nå
%~n1-317.jpg,0,6.0,0,Dark,internal,Y 2025-nå
%~n1-32.jpg,0,5.0,6,Dark,internal,Y 2020–2024
%~n1-324.jpg,0,5.0,6,Dark,internal,Y 2020–2024
%~n1-325.jpg,0,5.0,6,Dark,internal,Y 2020–2024
%~n1-326.jpg,0,5.0,6,Dark,internal,Y 2020–2024
%~n1-327.jpg,0,4.0,0,Dark,internal,X
%~n1-33.jpg,0,6.0,0,Dark,internal,Y 2025-nå
%~n1-330.jpg,0,5.0,3,Dark,internal,Y 2020–2024
%~n1-331.jpg,0,5.0,3,Dark,internal,Y 2020–2024
%~n1-334.jpg,0,1.0,1,Dark,internal,3 2024–nå
%~n1-335.jpg,0,5.0,5,Dark,internal,Y 2020–2024
%~n1-336.jpg,0,5.0,5,Dark,internal,Y 2020–2024
%~n1-337.jpg,0,5.0,5,Dark,internal,Y 2020–2024
%~n1-338.jpg,0,5.0,0,Dark,internal,Y 2020–2024
%~n1-339.jpg,0,5.0,0,Dark,internal,Y 2020–2024
%~n1-34.jpg,0,6.0,0,Dark,internal,Y 2025-nå
%~n1-340.jpg,0,5.0,0,Dark,internal,Y 2020–2024
%~n1-341.jpg,0,5.0,6,Dark,internal,Y 2020–2024
%~n1-342.jpg,0,5.0,6,Dark,internal,Y 2020–2024
%~n1-343.jpg,0,5.0,6,Dark,internal,Y 2020–2024
%~n1-344.jpg,0,0.0,0,Dark,internal,3 2017–2023
%~n1-345.jpg,0,0.0,0,Dark,internal,3 2017–2023
%~n1-346.jpg,0,0.0,0,Dark,internal,3 2017–2023
%~n1-347.jpg,0,1.0,5,Dark,internal,3 2024–nå
%~n1-348.jpg,0,1.0,5,Dark,internal,3 2024–nå
%~n1-349.jpg,0,1.0,5,Dark,internal,3 2024–nå
%~n1-351.jpg,0,5.0,1,Dark,internal,Y 2020–2024
%~n1-355.jpg,0,5.0,0,Dark,internal,Y 2020–2024
%~n1-356.jpg,0,5.0,0,Dark,internal,Y 2020–2024
%~n1-357.jpg,0,5.0,0,Dark,internal,Y 2020–2024
%~n1-358.jpg,0,5.0,0,Dark,internal,Y 2020–2024
%~n1-359.jpg,0,5.0,0,Dark,internal,Y 2020–2024
%~n1-36.jpg,0,5.0,0,Dark,internal,Y 2020–2024
%~n1-360.jpg,0,4.0,6,Dark,internal,X
%~n1-361.jpg,0,4.0,6,Dark,internal,X
%~n1-362.jpg,0,4.0,6,Dark,internal,X
%~n1-364.jpg,0,5.0,0,Dark,internal,Y 2020–2024
%~n1-368.jpg,0,5.0,6,Dark,internal,Y 2020–2024
%~n1-369.jpg,0,5.0,6,Dark,internal,Y 2020–2024
%~n1-37.jpg,0,5.0,0,Dark,internal,Y 2020–2024
%~n1-371.jpg,0,0.0,3,Dark,internal,3 2017–2023
%~n1-38.jpg,0,5.0,0,Dark,internal,Y 2020–2024
%~n1-39.jpg,0,5.0,0,Dark,internal,Y 2020–2024
%~n1-4.jpg,0,0.0,1,Dark,internal,3 2017–2023
%~n1-40.jpg,0,5.0,0,Dark,internal,Y 2020–2024
%~n1-41.jpg,0,5.0,0,Dark,internal,Y 2020–2024
%~n1-42.jpg,0,5.0,0,Dark,internal,Y 2020–2024
%~n1-43.jpg,0,1.0,6,Dark,internal,3 2024–nå
%~n1-44.jpg,0,1.0,6,Dark,internal,3 2024–nå
%~n1-5.jpg,0,0.0,1,Dark,internal,3 2017–2023
%~n1-6.jpg,0,0.0,1,Dark,internal,3 2017–2023
%~n1-63.jpg,0,0.0,6,Dark,internal,3 2017–2023
%~n1-64.jpg,0,0.0,6,Dark,internal,3 2017–2023
%~n1-65.jpg,0,0.0,6,Dark,internal,3 2017–2023
%~n1-67.jpg,0,0.0,0,Dark,internal,3 2017–2023
%~n1-69.jpg,0,4.0,0,Dark,internal,X
%~n1-7.jpg,0,5.0,0,Dark,internal,Y 2020–2024
%~n1-70.jpg,0,4.0,0,Dark,internal,X
%~n1-71.jpg,0,4.0,0,Dark,internal,X
%~n1-72.jpg,0,5.0,6,Dark,internal,Y 2020–2024
%~n1-73.jpg,0,5.0,6,Dark,internal,Y 2020–2024
%~n1-74.jpg,0,5.0,6,Dark,internal,Y 2020–2024
%~n1-75.jpg,0,4.0,0,Dark,internal,X
%~n1-76.jpg,0,4.0,0,Dark,internal,X
%~n1-77.jpg,0,4.0,0,Dark,internal,X
%~n1-79.jpg,0,1.0,6,Dark,internal,3 2024–nå
%~n1-8.jpg,0,5.0,0,Dark,internal,Y 2020–2024
%~n1-80.jpg,0,1.0,6,Dark,internal,3 2024–nå
%~n1-81.jpg,0,1.0,6,Dark,internal,3 2024–nå
%~n1-82.jpg,0,1.0,5,Dark,internal,3 2024–nå
%~n1-85.jpg,0,5.0,0,Dark,internal,Y 2020–2024
%~n1-86.jpg,0,5.0,0,Dark,internal,Y 2020–2024
%~n1-87.jpg,0,5.0,0,Dark,internal,Y 2020–2024
%~n1-89.jpg,0,5.0,0,Dark,internal,Y 2020–2024
%~n1-9.jpg,0,5.0,0,Dark,internal,Y 2020–2024
%~n1-90.jpg,0,5.0,0,Dark,internal,Y 2020–2024
%~n1-91.jpg,0,5.0,0,Dark,internal,Y 2020–2024
%~n1-92.jpg,0,0.0,6,Dark,internal,3 2017–2023
%~n1-93.jpg,0,0.0,6,Dark,internal,3 2017–2023
%~n1-94.jpg,0,0.0,6,Dark,internal,3 2017–2023
%~n1-95.jpg,0,0.0,6,Dark,internal,3 2017–2023
%~n1-96.jpg,0,0.0,6,Dark,internal,3 2017–2023
%~n1-97.jpg,0,0.0,6,Dark,internal,3 2017–2023
%~n1-98.jpg,0,0.0,6,Dark,internal,3 2017–2023
%~n1-458.jpg,1,,1,Light,internal,Other car
%~n1-459.jpg,1,,1,Light,internal,Other car
%~n1-460.jpg,1,,1,Light,internal,Other car
%~n1-461.jpg,1,,3,Light,internal,Other car
%~n1-462.jpg,1,,1,Light,internal,Other car
%~n1-477.jpg,1,,0,Light,internal,Other car
%~n1-478.jpg,1,,0,Light,internal,Other car
%~n1-479.jpg,1,,0,Light,internal,Other car
%~n1-483.jpg,1,,6,Light,internal,Other car
%~n1-487.jpg,1,,1,Light,internal,Other car
%~n1-493.jpg,1,,6,Light,internal,Other car
%~n1-497.jpg,1,,6,Light,internal,Other car
%~n1-502.jpg,1,,0,Light,internal,Other car
%~n1-510.jpg,1,,0,Light,internal,Other car
%~n1-511.jpg,1,,0,Light,internal,Other car
%~n1-512.jpg,1,,0,Light,internal,Other car
%~n1-513.jpg,1,,0,Light,internal,Other car
%~n1-514.jpg,1,,0,Light,internal,Other car
%~n1-515.jpg,1,,6,Light,internal,Other car
%~n1-516.jpg,1,,5,Light,internal,Other car
%~n1-517.jpg,1,,0,Light,internal,Other car
%~n1-519.jpg,1,,0,Light,internal,Other car
%~n1-523.jpg,1,,6,Light,internal,Other car
%~n1-528.jpg,1,,0,Light,internal,Other car
%~n1-529.jpg,1,,0,Light,internal,Other car
20260128_071238175_iOS.jpg,1,,0,Medium,internal,Other car
20260128_071244212_iOS.jpg,1,,0,Medium,internal,Other car
20260128_071250035_iOS.jpg,1,,0,Medium,internal,Other car
20260128_071259375_iOS.jpg,1,,1,Medium,internal,Other car
20260128_071302674_iOS.jpg,1,,1,Medium,internal,Other car
20260128_071306071_iOS.jpg,1,,1,Medium,internal,Other car
20260128_071320851_iOS.jpg,1,,3,Medium,internal,Other car
20260128_071324420_iOS.jpg,1,,3,Medium,internal,Other car
20260128_071328279_iOS.jpg,1,,0,Medium,internal,Other car
20260128_071330707_iOS.jpg,1,,0,Medium,internal,Other car
20260128_071333160_iOS.jpg,1,,0,Medium,internal,Other car
20260128_071356396_iOS.jpg,1,,0,Medium,internal,Other car
20260128_071400064_iOS.jpg,1,,0,Medium,internal,Other car
20260128_071410555_iOS.jpg,1,,0,Medium,internal,Other car
20260128_071412420_iOS.jpg,1,,0,Medium,internal,Other car
20260128_071414110_iOS.jpg,1,,0,Medium,internal,Other car
20260128_071428142_iOS.jpg,1,,3,Medium,internal,Other car
20260128_071435350_iOS.jpg,1,,0,Medium,internal,Other car
20260128_071440089_iOS.jpg,1,,0,Medium,internal,Other car
20260128_071504979_iOS.jpg,1,,0,Medium,internal,Other car
20260128_071507645_iOS.jpg,1,,0,Medium,internal,Other car
20260128_071510770_iOS.jpg,1,,0,Medium,internal,Other car
20260128_071514907_iOS.jpg,1,,0,Medium,internal,Other car
20260128_071517858_iOS.jpg,1,,0,Medium,internal,Other car
20260128_071520866_iOS.jpg,1,,0,Medium,internal,Other car
20260201_175122189_iOS.jpg,1,,3,Dark,internal,Other car
20260201_175133320_iOS.jpg,1,,6,Dark,internal,Other car
20260201_175308965_iOS.jpg,1,,0,Dark,internal,Other car
20260201_175724047_iOS.jpg,1,,0,Dark,internal,Other car
20260201_175737664_iOS.jpg,1,,5,Dark,internal,Other car
20260201_175749259_iOS.jpg,1,,0,Dark,internal,Other car
20260201_175756474_iOS.jpg,1,,6,Dark,internal,Other car
20260201_175804637_iOS.jpg,1,,3,Dark,internal,Other car
20260201_175812252_iOS.jpg,1,,1,Dark,internal,Other car
20260201_175821025_iOS.jpg,1,,0,Dark,internal,Other car
20260201_175838778_iOS.jpg,1,,0,Dark,internal,Other car
20260201_175857256_iOS.jpg,1,,6,Dark,internal,Other car
20260201_175909710_iOS.jpg,1,,6,Dark,internal,Other car
20260201_175920101_iOS.jpg,1,,3,Dark,internal,Other car
20260201_175927356_iOS.jpg,1,,0,Dark,internal,Other car
20260201_175933664_iOS.jpg,1,,0,Dark,internal,Other car
20260201_175941311_iOS.jpg,1,,6,Dark,internal,Other car
20260201_175950193_iOS.jpg,1,,3,Dark,internal,Other car
20260201_175957815_iOS.jpg,1,,0,Dark,internal,Other car
20260201_180007454_iOS.jpg,1,,1,Dark,internal,Other car
20260201_180031952_iOS.jpg,1,,3,Dark,internal,Other car
20260201_180043569_iOS.jpg,1,,6,Dark,internal,Other car
20260201_180050759_iOS.jpg,1,,5,Dark,internal,Other car
20260201_180059734_iOS.jpg,1,,0,Dark,internal,Other car
%~n1-332.jpg,1,,0,Medium,internal,Other car
%~n1-333.jpg,1,,0,Dark,internal,Other car
20260207_140446188_iOS.jpg,0,2.0,0,Light,internal,S 2012–2015
20260207_140510424_iOS.jpg,0,2.0,0,Light,internal,S 2012–2015
20260207_140725363_iOS.jpg,0,2.0,5,Light,internal,S 2012–2015
20260207_141309906_iOS.jpg,0,4.0,0,Light,internal,X
20260207_141319791_iOS.jpg,0,4.0,0,Light,internal,X
20260207_141326054_iOS.jpg,0,4.0,0,Light,internal,X
20260207_142739867_iOS.jpg,0,2.0,0,Light,internal,S 2012–2015
20260207_142802209_iOS.jpg,0,2.0,0,Light,internal,S 2012–2015
20260207_142811390_iOS.jpg,0,2.0,0,Light,internal,S 2012–2015
20260207_143303735_iOS.jpg,0,2.0,5,Light,internal,S 2012–2015
20260207_143307868_iOS.jpg,0,2.0,5,Light,internal,S 2012–2015
20260207_143310316_iOS.jpg,0,2.0,5,Light,internal,S 2012–2015
20260207_150036345_iOS.jpg,0,4.0,0,Light,internal,X
20260207_150044968_iOS.jpg,0,4.0,0,Light,internal,X
20260207_150054829_iOS.jpg,0,4.0,0,Light,internal,X
20260207_150147013_iOS.jpg,0,4.0,0,Light,internal,X
20260207_150206882_iOS.jpg,0,4.0,0,Light,internal,X
20260207_150215076_iOS.jpg,0,4.0,0,Light,internal,X
20260207_151140247_iOS.jpg,0,3.0,3,Light,internal,S 2016–nå
20260207_151150444_iOS.jpg,0,3.0,3,Light,internal,S 2016–nå
20260207_151157176_iOS.jpg,0,3.0,3,Light,internal,S 2016–nå
20260207_151332096_iOS.jpg,0,4.0,0,Light,internal,X
20260207_151341607_iOS.jpg,0,4.0,0,Light,internal,X
20260207_151350189_iOS.jpg,0,4.0,0,Light,internal,X
IMG_1235.jpeg,0,2.0,6,Light,internal,S 2012–2015
IMG_1236.jpeg,0,2.0,6,Light,internal,S 2012–2015
IMG_1237.jpeg,0,2.0,6,Light,internal,S 2012–2015
IMG_1347.jpeg,0,5.0,1,Light,internal,Y 2020–2024
IMG_1348.jpeg,0,5.0,1,Light,internal,Y 2020–2024
IMG_1349.jpeg,0,0.0,1,Light,internal,3 2017–2023
IMG_1350.jpeg,0,0.0,0,Light,internal,3 2017–2023
IMG_1351.jpeg,0,0.0,0,Light,internal,3 2017–2023
IMG_1352.jpeg,0,0.0,0,Light,internal,3 2017–2023
IMG_1353.jpeg,0,6.0,6,Light,internal,Y 2025-nå
IMG_1354.jpeg,0,6.0,6,Light,internal,Y 2025-nå
IMG_1355.jpeg,0,6.0,6,Light,internal,Y 2025-nå
IMG_1356.jpeg,0,5.0,0,Light,internal,Y 2020–2024
IMG_1357.jpeg,0,5.0,0,Light,internal,Y 2020–2024
IMG_1358.jpeg,0,5.0,0,Light,internal,Y 2020–2024
IMG_1359.jpeg,0,5.0,6,Light,internal,Y 2020–2024
IMG_1360.jpeg,0,5.0,3,Light,internal,Y 2020–2024
IMG_1361.jpeg,0,5.0,3,Light,internal,Y 2020–2024
IMG_1362.jpeg,0,5.0,3,Light,internal,Y 2020–2024
IMG_1363.jpeg,0,5.0,0,Light,internal,Y 2020–2024
IMG_1364.jpeg,0,5.0,0,Light,internal,Y 2020–2024
IMG_1365.jpeg,0,5.0,0,Light,internal,Y 2020–2024
IMG_1366.jpeg,0,0.0,6,Light,internal,3 2017–2023
IMG_1367.jpeg,0,0.0,6,Light,internal,3 2017–2023
IMG_1368.jpeg,0,0.0,6,Light,internal,3 2017–2023
IMG_1369.jpeg,0,5.0,0,Light,internal,Y 2020–2024
IMG_1370.jpeg,0,5.0,0,Light,internal,Y 2020–2024
IMG_1371.jpeg,0,5.0,0,Light,internal,Y 2020–2024
IMG_1396.jpeg,0,5.0,0,Light,internal,Y 2020–2024
IMG_1397.jpeg,0,5.0,0,Light,internal,Y 2020–2024
IMG_1398.jpeg,0,5.0,0,Light,internal,Y 2020–2024
IMG_1399.jpeg,0,1.0,0,Light,internal,3 2024–nå
IMG_1400.jpeg,0,1.0,3,Light,internal,3 2024–nå
IMG_1401.jpeg,0,1.0,3,Light,internal,3 2024–nå
IMG_1402.jpeg,0,5.0,6,Light,internal,Y 2020–2024
IMG_1403.jpeg,0,5.0,6,Light,internal,Y 2020–2024
IMG_1404.jpeg,0,5.0,6,Light,internal,Y 2020–2024
IMG_1405.jpeg,0,5.0,0,Light,internal,Y 2020–2024
IMG_1406.jpeg,0,5.0,0,Light,internal,Y 2020–2024
IMG_1407.jpeg,0,5.0,0,Light,internal,Y 2020–2024
IMG_1408.jpeg,0,5.0,0,Light,internal,Y 2020–2024
IMG_1409.jpeg,0,5.0,0,Light,internal,Y 2020–2024
IMG_1410.jpeg,0,1.0,3,Light,internal,3 2024–nå
IMG_1411.jpeg,0,1.0,3,Light,internal,3 2024–nå
IMG_1412.jpeg,0,1.0,3,Light,internal,3 2024–nå
IMG_1413.jpeg,0,0.0,0,Light,internal,3 2017–2023
IMG_1414.jpeg,0,0.0,0,Light,internal,3 2017–2023
IMG_1415.jpeg,0,0.0,0,Light,internal,3 2017–2023
IMG_1416.jpeg,0,5.0,0,Light,internal,Y 2020–2024
IMG_1417.jpeg,0,5.0,0,Light,internal,Y 2020–2024
IMG_1418.jpeg,0,5.0,0,Light,internal,Y 2020–2024
IMG_1419.jpeg,0,1.0,5,Light,internal,3 2024–nå
IMG_1420.jpeg,0,1.0,5,Light,internal,3 2024–nå
IMG_1421.jpeg,0,1.0,5,Light,internal,3 2024–nå
IMG_1673.jpeg,0,5.0,1,Light,internal,Y 2020–2024
IMG_1674.jpeg,0,5.0,1,Light,internal,Y 2020–2024
IMG_1675.jpeg,0,5.0,1,Light,internal,Y 2020–2024
IMG_1676.jpeg,0,5.0,0,Light,internal,Y 2020–2024
IMG_1677.jpeg,0,5.0,0,Light,internal,Y 2020–2024
IMG_1678.jpeg,0,5.0,0,Light,internal,Y 2020–2024
IMG_1679.jpeg,0,6.0,0,Light,internal,Y 2025-nå
IMG_1680.jpeg,0,6.0,0,Light,internal,Y 2025-nå
IMG_1681.jpeg,0,6.0,0,Light,internal,Y 2025-nå
IMG_1682.jpeg,0,1.0,5,Light,internal,3 2024–nå
IMG_1683.jpeg,0,1.0,5,Light,internal,3 2024–nå
IMG_1684.jpeg,0,1.0,5,Light,internal,3 2024–nå
IMG_1685.jpeg,0,2.0,6,Light,internal,S 2012–2015
IMG_1686.jpeg,0,2.0,6,Light,internal,S 2012–2015
IMG_1687.jpeg,0,2.0,6,Light,internal,S 2012–2015
IMG_1688.jpeg,0,5.0,6,Light,internal,Y 2020–2024
IMG_1689.jpeg,0,5.0,6,Light,internal,Y 2020–2024
IMG_1690.jpeg,0,5.0,6,Light,internal,Y 2020–2024
IMG_1691.jpeg,0,5.0,0,Light,internal,Y 2020–2024
IMG_1692.jpeg,0,5.0,0,Light,internal,Y 2020–2024
IMG_1693.jpeg,0,0.0,0,Light,internal,3 2017–2023
IMG_1694.jpeg,0,5.0,0,Light,internal,Y 2020–2024
IMG_1695.jpeg,0,5.0,0,Light,internal,Y 2020–2024
IMG_1696.jpeg,0,5.0,0,Light,internal,Y 2020–2024
IMG_1697.jpeg,0,5.0,0,Light,internal,Y 2020–2024
IMG_1698.jpeg,0,5.0,0,Light,internal,Y 2020–2024
IMG_1699.jpeg,0,5.0,0,Light,internal,Y 2020–2024
IMG_1700.jpeg,0,6.0,6,Light,internal,Y 2025-nå
IMG_1701.jpeg,0,6.0,6,Light,internal,Y 2025-nå
IMG_1702.jpeg,0,6.0,6,Light,internal,Y 2025-nå
IMG_1703.jpeg,0,0.0,1,Light,internal,3 2017–2023
IMG_1704.jpeg,0,0.0,1,Light,internal,3 2017–2023
IMG_1705.jpeg,0,0.0,1,Light,internal,3 2017–2023
IMG_1706.jpeg,0,1.0,1,Light,internal,3 2024–nå
IMG_1707.jpeg,0,1.0,1,Light,internal,3 2024–nå
IMG_1708.jpeg,0,1.0,1,Light,internal,3 2024–nå
IMG_1709.jpeg,0,6.0,3,Light,internal,Y 2025-nå
IMG_1710.jpeg,0,6.0,3,Light,internal,Y 2025-nå
IMG_1711.jpeg,0,6.0,0,Light,internal,Y 2025-nå
IMG_1712.jpeg,0,0.0,6,Light,internal,3 2017–2023
IMG_1713.jpeg,0,0.0,6,Light,internal,3 2017–2023
IMG_1714.jpeg,0,0.0,6,Light,internal,3 2017–2023
IMG_1715.jpeg,0,5.0,6,Light,internal,Y 2020–2024
IMG_1716.jpeg,0,5.0,6,Light,internal,Y 2020–2024
IMG_1717.jpeg,0,5.0,6,Light,internal,Y 2020–2024
IMG_1718.jpeg,0,1.0,0,Light,internal,3 2024–nå
IMG_1719.jpeg,0,1.0,0,Light,internal,3 2024–nå
IMG_1720.jpeg,0,1.0,0,Light,internal,3 2024–nå
IMG_1753.jpeg,0,5.0,1,Light,internal,Y 2020–2024
IMG_1754.jpeg,0,5.0,1,Light,internal,Y 2020–2024
IMG_1755.jpeg,0,5.0,1,Light,internal,Y 2020–2024
IMG_1756.jpeg,0,1.0,1,Light,internal,3 2024–nå
IMG_1757.jpeg,0,1.0,1,Light,internal,3 2024–nå
IMG_1758.jpeg,0,1.0,1,Light,internal,3 2024–nå
IMG_1759.jpeg,0,5.0,0,Light,internal,Y 2020–2024
IMG_1760.jpeg,0,5.0,0,Light,internal,Y 2020–2024
IMG_1761.jpeg,0,5.0,0,Light,internal,Y 2020–2024
IMG_1762.jpeg,0,0.0,0,Light,internal,3 2017–2023
IMG_1763.jpeg,0,0.0,0,Light,internal,3 2017–2023
IMG_1764.jpeg,0,0.0,0,Light,internal,3 2017–2023
IMG_1765.jpeg,0,0.0,5,Light,internal,3 2017–2023
IMG_1766.jpeg,0,0.0,5,Light,internal,3 2017–2023
IMG_1767.jpeg,0,0.0,5,Light,internal,3 2017–2023
IMG_1768.jpeg,0,6.0,0,Light,internal,Y 2025-nå
IMG_1769.jpeg,0,6.0,0,Light,internal,Y 2025-nå
IMG_1770.jpeg,0,6.0,0,Light,internal,Y 2025-nå
IMG_1771.jpeg,0,5.0,2,Light,internal,Y 2020–2024
IMG_1772.jpeg,0,5.0,2,Light,internal,Y 2020–2024
IMG_1773.jpeg,0,5.0,2,Light,internal,Y 2020–2024
IMG_1774.jpeg,0,1.0,5,Light,internal,3 2024–nå
IMG_1775.jpeg,0,1.0,5,Light,internal,3 2024–nå
IMG_1776.jpeg,0,1.0,5,Light,internal,3 2024–nå
IMG_1777.jpeg,0,1.0,6,Light,internal,3 2024–nå
IMG_1778.jpeg,0,1.0,6,Light,internal,3 2024–nå
IMG_1779.jpeg,0,1.0,6,Light,internal,3 2024–nå
IMG_1780.jpeg,0,5.0,0,Light,internal,Y 2020–2024
IMG_1781.jpeg,0,5.0,0,Light,internal,Y 2020–2024
IMG_1782.jpeg,0,5.0,0,Light,internal,Y 2020–2024
IMG_1783.jpeg,0,6.0,0,Light,internal,Y 2025-nå
IMG_1784.jpeg,0,6.0,0,Light,internal,Y 2025-nå
IMG_1785.jpeg,0,6.0,0,Light,internal,Y 2025-nå
IMG_1786.jpeg,0,0.0,0,Light,internal,3 2017–2023
IMG_1787.jpeg,0,0.0,0,Light,internal,3 2017–2023
IMG_1788.jpeg,0,0.0,0,Light,internal,3 2017–2023
IMG_1789.jpeg,0,5.0,6,Light,internal,Y 2020–2024
IMG_1790.jpeg,0,5.0,6,Light,internal,Y 2020–2024
IMG_1791.jpeg,0,5.0,6,Light,internal,Y 2020–2024
IMG_1792.jpeg,0,4.0,6,Light,internal,X
IMG_1793.jpeg,0,4.0,6,Light,internal,X
IMG_1794.jpeg,0,4.0,6,Light,internal,X
IMG_1795.jpeg,0,5.0,6,Light,internal,Y 2020–2024
IMG_1796.jpeg,0,5.0,6,Light,internal,Y 2020–2024
IMG_1797.jpeg,0,5.0,6,Light,internal,Y 2020–2024
IMG_1798.jpeg,0,5.0,0,Light,internal,Y 2020–2024
IMG_1799.jpeg,0,5.0,0,Light,internal,Y 2020–2024
IMG_1800.jpeg,0,5.0,0,Light,internal,Y 2020–2024
IMG_1801.jpeg,0,0.0,0,Light,internal,3 2017–2023
IMG_1802.jpeg,0,0.0,0,Light,internal,3 2017–2023
IMG_1803.jpeg,0,0.0,0,Light,internal,3 2017–2023
IMG_1804.jpeg,0,2.0,0,Light,internal,S 2012–2015
IMG_1805.jpeg,0,2.0,0,Light,internal,S 2012–2015
IMG_1806.jpeg,0,2.0,0,Light,internal,S 2012–2015
IMG_1807.jpeg,0,5.0,0,Light,internal,Y 2020–2024
IMG_1808.jpeg,0,5.0,0,Light,internal,Y 2020–2024
IMG_1809.jpeg,0,5.0,0,Light,internal,Y 2020–2024
IMG_1810.jpeg,0,4.0,0,Light,internal,X
IMG_1811.jpeg,0,4.0,0,Light,internal,X
IMG_1812.jpeg,0,4.0,0,Light,internal,X
IMG_1140.jpeg,0,1.0,5,Medium,internal,3 2024–nå
IMG_1141.jpeg,0,1.0,5,Medium,internal,3 2024–nå
IMG_1142.jpeg,0,6.0,0,Medium,internal,Y 2025-nå
IMG_1143.jpeg,0,6.0,0,Medium,internal,Y 2025-nå
IMG_1150.jpeg,0,5.0,0,Medium,internal,Y 2020–2024
IMG_1151.jpeg,0,5.0,0,Medium,internal,Y 2020–2024
IMG_1152.jpeg,0,5.0,0,Medium,internal,Y 2020–2024
IMG_1153.jpeg,0,5.0,0,Medium,internal,Y 2020–2024
IMG_1154.jpeg,0,5.0,0,Medium,internal,Y 2020–2024
IMG_1176.jpeg,0,6.0,0,Medium,internal,Y 2025-nå
IMG_1177.jpeg,0,6.0,0,Medium,internal,Y 2025-nå
IMG_1181.jpeg,0,3.0,5,Medium,internal,S 2016–nå
IMG_1184.jpeg,0,0.0,0,Medium,internal,3 2017–2023
IMG_1185.jpeg,0,0.0,0,Medium,internal,3 2017–2023
IMG_1186.jpeg,0,5.0,0,Medium,internal,Y 2020–2024
IMG_1187.jpeg,0,5.0,0,Medium,internal,Y 2020–2024
IMG_1206.jpeg,0,2.0,5,Medium,internal,S 2012–2015
IMG_1207.jpeg,0,2.0,5,Medium,internal,S 2012–2015
IMG_1208.jpeg,0,5.0,0,Medium,internal,Y 2020–2024
IMG_1209.jpeg,0,5.0,0,Medium,internal,Y 2020–2024
IMG_1210.jpeg,0,5.0,0,Medium,internal,Y 2020–2024
IMG_1211.jpeg,0,1.0,6,Medium,internal,3 2024–nå
IMG_1212.jpeg,0,1.0,6,Medium,internal,3 2024–nå
IMG_1213.jpeg,0,1.0,6,Medium,internal,3 2024–nå
IMG_1219.jpeg,0,1.0,5,Medium,internal,3 2024–nå
IMG_1220.jpeg,0,1.0,5,Medium,internal,3 2024–nå
IMG_1221.jpeg,0,5.0,6,Medium,internal,Y 2020–2024
IMG_1228.jpeg,0,6.0,0,Medium,internal,Y 2025-nå
IMG_1229.jpeg,0,6.0,0,Medium,internal,Y 2025-nå
IMG_1231.jpeg,0,6.0,0,Medium,internal,Y 2025-nå
IMG_1242.jpeg,0,5.0,6,Medium,internal,Y 2020–2024
IMG_1243.jpeg,0,5.0,6,Medium,internal,Y 2020–2024
IMG_1244.jpeg,0,5.0,6,Medium,internal,Y 2020–2024
IMG_1245.jpeg,0,5.0,0,Medium,internal,Y 2020–2024
IMG_1249.jpeg,0,5.0,0,Medium,internal,Y 2020–2024
IMG_1252.jpeg,0,5.0,6,Medium,internal,Y 2020–2024
IMG_1253.jpeg,0,5.0,6,Medium,internal,Y 2020–2024
IMG_1254.jpeg,0,5.0,6,Medium,internal,Y 2020–2024
IMG_1255.jpeg,0,5.0,3,Medium,internal,Y 2020–2024
IMG_1256.jpeg,0,5.0,3,Medium,internal,Y 2020–2024
IMG_1257.jpeg,0,6.0,6,Medium,internal,Y 2025-nå
IMG_1258.jpeg,0,6.0,6,Medium,internal,Y 2025-nå
IMG_1259.jpeg,0,6.0,6,Medium,internal,Y 2025-nå
IMG_1260.jpeg,0,6.0,3,Medium,internal,Y 2025-nå
IMG_1261.jpeg,0,6.0,3,Medium,internal,Y 2025-nå
IMG_1263.jpeg,0,5.0,0,Medium,internal,Y 2020–2024
IMG_1264.jpeg,0,0.0,0,Medium,internal,3 2017–2023
IMG_1265.jpeg,0,0.0,0,Medium,internal,3 2017–2023
IMG_1266.jpeg,0,0.0,0,Medium,internal,3 2017–2023
IMG_1267.jpeg,0,0.0,1,Medium,internal,3 2017–2023
IMG_1268.jpeg,0,0.0,1,Medium,internal,3 2017–2023
IMG_1269.jpeg,0,0.0,1,Medium,internal,3 2017–2023
IMG_1270.jpeg,0,5.0,0,Medium,internal,Y 2020–2024
IMG_1271.jpeg,0,5.0,0,Medium,internal,Y 2020–2024
IMG_1272.jpeg,0,5.0,0,Medium,internal,Y 2020–2024
IMG_1288.jpeg,0,0.0,3,Medium,internal,3 2017–2023
IMG_1289.jpeg,0,6.0,0,Medium,internal,Y 2025-nå
IMG_1290.jpeg,0,6.0,0,Medium,internal,Y 2025-nå
IMG_1291.jpeg,0,6.0,0,Medium,internal,Y 2025-nå
IMG_1292.jpeg,0,5.0,6,Medium,internal,Y 2020–2024
IMG_1293.jpeg,0,5.0,6,Medium,internal,Y 2020–2024
IMG_1294.jpeg,0,5.0,6,Medium,internal,Y 2020–2024
IMG_1301.jpeg,0,5.0,6,Medium,internal,Y 2020–2024
IMG_1302.jpeg,0,5.0,6,Medium,internal,Y 2020–2024
IMG_1303.jpeg,0,5.0,6,Medium,internal,Y 2020–2024
IMG_1304.jpeg,0,0.0,6,Medium,internal,3 2017–2023
IMG_1305.jpeg,0,0.0,0,Medium,internal,3 2017–2023
IMG_1306.jpeg,0,0.0,0,Medium,internal,3 2017–2023
IMG_1307.jpeg,0,0.0,0,Medium,internal,3 2017–2023
IMG_1308.jpeg,0,5.0,3,Medium,internal,Y 2020–2024
IMG_1309.jpeg,0,5.0,3,Medium,internal,Y 2020–2024
IMG_1310.jpeg,0,5.0,3,Medium,internal,Y 2020–2024
IMG_1311.jpeg,0,2.0,0,Medium,internal,S 2012–2015
IMG_1312.jpeg,0,2.0,0,Medium,internal,S 2012–2015
IMG_1323.jpeg,0,5.0,0,Medium,internal,Y 2020–2024
IMG_1324.jpeg,0,5.0,0,Medium,internal,Y 2020–2024
IMG_1325.jpeg,0,5.0,0,Medium,internal,Y 2020–2024
IMG_1326.jpeg,0,5.0,0,Medium,internal,Y 2020–2024
IMG_1334.jpeg,0,1.0,0,Medium,internal,3 2024–nå
IMG_1338.jpeg,0,5.0,0,Medium,internal,Y 2020–2024
IMG_1339.jpeg,0,5.0,0,Medium,internal,Y 2020–2024
IMG_1340.jpeg,0,5.0,0,Medium,internal,Y 2020–2024
IMG_1341.jpeg,0,0.0,0,Medium,internal,3 2017–2023
IMG_1342.jpeg,0,0.0,0,Medium,internal,3 2017–2023
IMG_1343.jpeg,0,0.0,0,Dark,internal,3 2017–2023
IMG_1344.jpeg,0,1.0,1,Medium,internal,3 2024–nå
IMG_1345.jpeg,0,1.0,1,Medium,internal,3 2024–nå
IMG_1346.jpeg,0,1.0,1,Dark,internal,3 2024–nå
IMG_1378.jpeg,0,1.0,6,Medium,internal,3 2024–nå
IMG_1379.jpeg,0,1.0,6,Medium,internal,3 2024–nå
IMG_1380.jpeg,0,1.0,6,Medium,internal,3 2024–nå
IMG_1381.jpeg,0,5.0,3,Medium,internal,Y 2020–2024
IMG_1382.jpeg,0,5.0,3,Medium,internal,Y 2020–2024
IMG_1383.jpeg,0,5.0,3,Medium,internal,Y 2020–2024
IMG_1384.jpeg,0,5.0,1,Medium,internal,Y 2020–2024
IMG_1385.jpeg,0,5.0,1,Medium,internal,Y 2020–2024
IMG_1422.jpeg,0,0.0,3,Medium,internal,3 2017–2023
IMG_1423.jpeg,0,0.0,3,Light,internal,3 2017–2023
IMG_1424.jpeg,0,0.0,3,Medium,internal,3 2017–2023
IMG_1425.jpeg,0,0.0,0,Medium,internal,3 2017–2023
IMG_1426.jpeg,0,0.0,0,Medium,internal,3 2017–2023
IMG_1427.jpeg,0,0.0,0,Medium,internal,3 2017–2023
IMG_1428.jpeg,0,1.0,6,Medium,internal,3 2024–nå
IMG_1429.jpeg,0,1.0,6,Medium,internal,3 2024–nå
IMG_1430.jpeg,0,1.0,6,Medium,internal,3 2024–nå
IMG_1431.jpeg,0,0.0,6,Medium,internal,3 2017–2023
IMG_1432.jpeg,0,0.0,6,Medium,internal,3 2017–2023
IMG_1433.jpeg,0,0.0,6,Medium,internal,3 2017–2023
IMG_1434.jpeg,0,6.0,0,Medium,internal,Y 2025-nå
IMG_1435.jpeg,0,6.0,0,Medium,internal,Y 2025-nå
IMG_1436.jpeg,0,6.0,0,Medium,internal,Y 2025-nå
IMG_1437.jpeg,0,1.0,6,Medium,internal,3 2024–nå
IMG_1438.jpeg,0,1.0,6,Medium,internal,3 2024–nå
IMG_1439.jpeg,0,1.0,6,Medium,internal,3 2024–nå
IMG_1440.jpeg,0,5.0,0,Medium,internal,Y 2020–2024
IMG_1441.jpeg,0,5.0,0,Medium,internal,Y 2020–2024
IMG_1442.jpeg,0,5.0,0,Medium,internal,Y 2020–2024
IMG_1443.jpeg,0,4.0,6,Medium,internal,X
IMG_1444.jpeg,0,4.0,6,Medium,internal,X
IMG_1445.jpeg,0,4.0,6,Medium,internal,X
IMG_1446.jpeg,0,5.0,3,Medium,internal,Y 2020–2024
IMG_1447.jpeg,0,5.0,3,Medium,internal,Y 2020–2024
IMG_1448.jpeg,0,5.0,3,Medium,internal,Y 2020–2024
IMG_1449.jpeg,0,1.0,3,Medium,internal,3 2024–nå
IMG_1450.jpeg,0,1.0,3,Medium,internal,3 2024–nå
IMG_1451.jpeg,0,1.0,0,Medium,internal,3 2024–nå
IMG_1452.jpeg,0,5.0,6,Medium,internal,Y 2020–2024
IMG_1453.jpeg,0,5.0,6,Medium,internal,Y 2020–2024
IMG_1454.jpeg,0,5.0,6,Medium,internal,Y 2020–2024
IMG_1455.jpeg,0,1.0,6,Medium,internal,3 2024–nå
IMG_1456.jpeg,0,1.0,6,Medium,internal,3 2024–nå
IMG_1457.jpeg,0,1.0,6,Medium,internal,3 2024–nå
IMG_1458.jpeg,0,5.0,3,Medium,internal,Y 2020–2024
IMG_1459.jpeg,0,5.0,0,Medium,internal,Y 2020–2024
IMG_1460.jpeg,0,5.0,3,Medium,internal,Y 2020–2024
IMG_1471.jpeg,0,5.0,0,Medium,internal,Y 2020–2024
IMG_1475.jpeg,0,1.0,3,Medium,internal,3 2024–nå
IMG_1476.jpeg,0,1.0,0,Medium,internal,3 2024–nå
IMG_1485.jpeg,0,0.0,3,Medium,internal,3 2017–2023
IMG_1486.jpeg,0,0.0,3,Medium,internal,3 2017–2023
IMG_1487.jpeg,0,0.0,3,Medium,internal,3 2017–2023
IMG_1488.jpeg,0,6.0,3,Medium,internal,Y 2025-nå
IMG_1492.jpeg,0,5.0,6,Medium,internal,Y 2020–2024
IMG_1493.jpeg,0,5.0,6,Medium,internal,Y 2020–2024
IMG_1494.jpeg,0,5.0,6,Medium,internal,Y 2020–2024
IMG_1495.jpeg,0,6.0,0,Medium,internal,Y 2025-nå
IMG_1496.jpeg,0,6.0,0,Dark,internal,Y 2025-nå
IMG_1497.jpeg,0,6.0,0,Medium,internal,Y 2025-nå
IMG_1498.jpeg,0,1.0,6,Medium,internal,3 2024–nå
IMG_1499.jpeg,0,1.0,6,Medium,internal,3 2024–nå
IMG_1500.jpeg,0,1.0,6,Medium,internal,3 2024–nå
IMG_1501.jpeg,0,5.0,3,Medium,internal,Y 2020–2024
IMG_1502.jpeg,0,5.0,3,Medium,internal,Y 2020–2024
IMG_1503.jpeg,0,5.0,3,Medium,internal,Y 2020–2024
IMG_1504.jpeg,0,5.0,3,Medium,internal,Y 2020–2024
IMG_1505.jpeg,0,6.0,0,Medium,internal,Y 2025-nå
IMG_1506.jpeg,0,5.0,3,Medium,internal,Y 2020–2024
IMG_1516.jpeg,0,6.0,6,Medium,internal,Y 2025-nå
IMG_1517.jpeg,0,1.0,6,Medium,internal,3 2024–nå
IMG_1518.jpeg,0,1.0,6,Medium,internal,3 2024–nå
IMG_1543.jpeg,0,5.0,1,Medium,internal,Y 2020–2024
IMG_1544.jpeg,0,5.0,1,Medium,internal,Y 2020–2024
IMG_1545.jpeg,0,5.0,1,Medium,internal,Y 2020–2024
IMG_1558.jpeg,0,6.0,0,Medium,internal,Y 2025-nå
IMG_1559.jpeg,0,6.0,0,Medium,internal,Y 2025-nå
IMG_1560.jpeg,0,6.0,0,Medium,internal,Y 2025-nå
IMG_1561.jpeg,0,5.0,3,Medium,internal,Y 2020–2024
IMG_1562.jpeg,0,5.0,3,Medium,internal,Y 2020–2024
IMG_1563.jpeg,0,5.0,3,Medium,internal,Y 2020–2024
IMG_1564.jpeg,0,6.0,0,Medium,internal,Y 2025-nå
IMG_1565.jpeg,0,6.0,0,Medium,internal,Y 2025-nå
IMG_1566.jpeg,0,6.0,0,Medium,internal,Y 2025-nå
IMG_1567.jpeg,0,5.0,6,Medium,internal,Y 2020–2024
IMG_1568.jpeg,0,5.0,6,Medium,internal,Y 2020–2024
IMG_1569.jpeg,0,5.0,6,Medium,internal,Y 2020–2024
IMG_1570.jpeg,0,5.0,6,Medium,internal,Y 2020–2024
IMG_1571.jpeg,0,5.0,6,Medium,internal,Y 2020–2024
IMG_1572.jpeg,0,5.0,6,Medium,internal,Y 2020–2024
IMG_1573.jpeg,0,0.0,1,Medium,internal,3 2017–2023
IMG_1574.jpeg,0,0.0,1,Medium,internal,3 2017–2023
IMG_1575.jpeg,0,0.0,1,Medium,internal,3 2017–2023
IMG_1579.jpeg,0,0.0,0,Medium,internal,3 2017–2023
IMG_1580.jpeg,0,0.0,0,Medium,internal,3 2017–2023
IMG_1581.jpeg,0,0.0,0,Medium,internal,3 2017–2023
IMG_1582.jpeg,0,0.0,1,Medium,internal,3 2017–2023
IMG_1583.jpeg,0,0.0,1,Medium,internal,3 2017–2023
IMG_1584.jpeg,0,0.0,1,Medium,internal,3 2017–2023
IMG_1585.jpeg,0,5.0,3,Medium,internal,Y 2020–2024
IMG_1586.jpeg,0,5.0,3,Medium,internal,Y 2020–2024
IMG_1587.jpeg,0,5.0,3,Medium,internal,Y 2020–2024
IMG_1588.jpeg,0,1.0,3,Medium,internal,3 2024–nå
IMG_1589.jpeg,0,1.0,3,Medium,internal,3 2024–nå
IMG_1590.jpeg,0,1.0,3,Medium,internal,3 2024–nå
IMG_1591.jpeg,0,6.0,0,Medium,internal,Y 2025-nå
IMG_1592.jpeg,0,6.0,3,Medium,internal,Y 2025-nå
IMG_1593.jpeg,0,6.0,3,Medium,internal,Y 2025-nå
IMG_1597.jpeg,0,1.0,1,Medium,internal,3 2024–nå
IMG_1598.jpeg,0,1.0,1,Medium,internal,3 2024–nå
IMG_1599.jpeg,0,1.0,1,Medium,internal,3 2024–nå
IMG_1603.jpeg,0,5.0,6,Medium,internal,Y 2020–2024
IMG_1604.jpeg,0,5.0,6,Medium,internal,Y 2020–2024
IMG_1605.jpeg,0,5.0,6,Medium,internal,Y 2020–2024
IMG_1606.jpeg,0,5.0,6,Medium,internal,Y 2020–2024
IMG_1607.jpeg,0,5.0,6,Medium,internal,Y 2020–2024
IMG_1608.jpeg,0,5.0,6,Medium,internal,Y 2020–2024
IMG_1609.jpeg,0,3.0,6,Medium,internal,S 2016–nå
IMG_1610.jpeg,0,3.0,6,Medium,internal,S 2016–nå
IMG_1611.jpeg,0,3.0,6,Medium,internal,S 2016–nå
IMG_1612.jpeg,0,6.0,0,Medium,internal,Y 2025-nå
IMG_1613.jpeg,0,6.0,0,Medium,internal,Y 2025-nå
IMG_1614.jpeg,0,6.0,0,Medium,internal,Y 2025-nå
IMG_1615.jpeg,0,0.0,6,Medium,internal,3 2017–2023
IMG_1616.jpeg,0,0.0,6,Medium,internal,3 2017–2023
IMG_1617.jpeg,0,0.0,6,Medium,internal,3 2017–2023
IMG_1624.jpeg,0,0.0,3,Medium,internal,3 2017–2023
IMG_1625.jpeg,0,0.0,3,Medium,internal,3 2017–2023
IMG_1626.jpeg,0,0.0,3,Medium,internal,3 2017–2023
IMG_1627.jpeg,0,5.0,6,Medium,internal,Y 2020–2024
IMG_1628.jpeg,0,5.0,6,Medium,internal,Y 2020–2024
IMG_1629.jpeg,0,5.0,6,Medium,internal,Y 2020–2024
IMG_1630.jpeg,0,1.0,6,Medium,internal,3 2024–nå
IMG_1631.jpeg,0,1.0,6,Medium,internal,3 2024–nå
IMG_1632.jpeg,0,1.0,6,Medium,internal,3 2024–nå
IMG_1633.jpeg,0,5.0,3,Medium,internal,Y 2020–2024
IMG_1634.jpeg,0,5.0,3,Medium,internal,Y 2020–2024
IMG_1635.jpeg,0,5.0,3,Medium,internal,Y 2020–2024
IMG_1636.jpeg,0,5.0,0,Medium,internal,Y 2020–2024
IMG_1637.jpeg,0,5.0,0,Medium,internal,Y 2020–2024
IMG_1638.jpeg,0,5.0,0,Medium,internal,Y 2020–2024
IMG_1642.jpeg,0,5.0,0,Medium,internal,Y 2020–2024
IMG_1643.jpeg,0,5.0,0,Medium,internal,Y 2020–2024
IMG_1644.jpeg,0,5.0,0,Medium,internal,Y 2020–2024
IMG_1645.jpeg,0,6.0,0,Medium,internal,Y 2025-nå
IMG_1646.jpeg,0,6.0,0,Medium,internal,Y 2025-nå
IMG_1647.jpeg,0,6.0,0,Medium,internal,Y 2025-nå
IMG_1651.jpeg,0,6.0,3,Medium,internal,Y 2025-nå
IMG_1667.jpeg,0,0.0,1,Medium,internal,3 2017–2023
IMG_1668.jpeg,0,0.0,1,Medium,internal,3 2017–2023
IMG_1669.jpeg,0,0.0,1,Medium,internal,3 2017–2023
IMG_1136.jpeg,0,1.0,5,Dark,internal,3 2024–nå
IMG_1137.jpeg,0,1.0,5,Dark,internal,3 2024–nå
IMG_1145.jpeg,0,5.0,0,Dark,internal,Y 2020–2024
IMG_1146.jpeg,0,5.0,0,Dark,internal,Y 2020–2024
IMG_1147.jpeg,0,5.0,6,Dark,internal,Y 2020–2024
IMG_1148.jpeg,0,0.0,6,Dark,internal,3 2017–2023
IMG_1149.jpeg,0,1.0,6,Dark,internal,3 2024–nå
IMG_1155.jpeg,0,5.0,6,Dark,internal,Y 2020–2024
IMG_1156.jpeg,0,5.0,6,Dark,internal,Y 2020–2024
IMG_1157.jpeg,0,5.0,6,Dark,internal,Y 2020–2024
IMG_1158.jpeg,0,5.0,6,Dark,internal,Y 2020–2024
IMG_1159.jpeg,0,5.0,6,Dark,internal,Y 2020–2024
IMG_1160.jpeg,0,5.0,6,Dark,internal,Y 2020–2024
IMG_1161.jpeg,0,4.0,2,Dark,internal,X
IMG_1162.jpeg,0,4.0,2,Dark,internal,X
IMG_1163.jpeg,0,4.0,2,Dark,internal,X
IMG_1164.jpeg,0,0.0,6,Dark,internal,3 2017–2023
IMG_1165.jpeg,0,0.0,6,Dark,internal,3 2017–2023
IMG_1166.jpeg,0,3.0,0,Dark,internal,S 2016–nå
IMG_1167.jpeg,0,3.0,0,Dark,internal,S 2016–nå
IMG_1168.jpeg,0,3.0,0,Dark,internal,S 2016–nå
IMG_1174.jpeg,0,1.0,0,Dark,internal,3 2024–nå
IMG_1175.jpeg,0,1.0,0,Dark,internal,3 2024–nå
IMG_1178.jpeg,0,5.0,6,Dark,internal,Y 2020–2024
IMG_1179.jpeg,0,5.0,6,Dark,internal,Y 2020–2024
IMG_1180.jpeg,0,5.0,6,Dark,internal,Y 2020–2024
IMG_1182.jpeg,0,5.0,0,Dark,internal,Y 2020–2024
IMG_1183.jpeg,0,5.0,3,Dark,internal,Y 2020–2024
IMG_1188.jpeg,0,1.0,6,Dark,internal,3 2024–nå
IMG_1189.jpeg,0,1.0,6,Dark,internal,3 2024–nå
IMG_1190.jpeg,0,5.0,0,Dark,internal,Y 2020–2024
IMG_1191.jpeg,0,6.0,1,Dark,internal,Y 2025-nå
IMG_1192.jpeg,0,6.0,1,Dark,internal,Y 2025-nå
IMG_1193.jpeg,0,6.0,1,Dark,internal,Y 2025-nå
IMG_1194.jpeg,0,6.0,1,Dark,internal,Y 2025-nå
IMG_1195.jpeg,0,5.0,6,Dark,internal,Y 2020–2024
IMG_1196.jpeg,0,5.0,6,Dark,internal,Y 2020–2024
IMG_1197.jpeg,0,0.0,0,Dark,internal,3 2017–2023
IMG_1198.jpeg,0,0.0,0,Dark,internal,3 2017–2023
IMG_1199.jpeg,0,6.0,0,Dark,internal,Y 2025-nå
IMG_1200.jpeg,0,6.0,0,Dark,internal,Y 2025-nå
IMG_1201.jpeg,0,1.0,6,Dark,internal,3 2024–nå
IMG_1202.jpeg,0,1.0,6,Dark,internal,3 2024–nå
IMG_1203.jpeg,0,5.0,6,Dark,internal,Y 2020–2024
IMG_1204.jpeg,0,5.0,6,Dark,internal,Y 2020–2024
IMG_1205.jpeg,0,5.0,6,Dark,internal,Y 2020–2024
IMG_1214.jpeg,0,1.0,6,Dark,internal,3 2024–nå
IMG_1215.jpeg,0,1.0,6,Dark,internal,3 2024–nå
IMG_1216.jpeg,0,5.0,0,Dark,internal,Y 2020–2024
IMG_1217.jpeg,0,5.0,0,Dark,internal,Y 2020–2024
IMG_1218.jpeg,0,5.0,0,Dark,internal,Y 2020–2024
IMG_1222.jpeg,0,5.0,6,Dark,internal,Y 2020–2024
IMG_1223.jpeg,0,1.0,0,Dark,internal,3 2024–nå
IMG_1224.jpeg,0,1.0,0,Dark,internal,3 2024–nå
IMG_1225.jpeg,0,1.0,0,Dark,internal,3 2024–nå
IMG_1230.jpeg,0,6.0,0,Dark,internal,Y 2025-nå
IMG_1232.jpeg,0,5.0,0,Dark,internal,Y 2020–2024
IMG_1233.jpeg,0,5.0,0,Dark,internal,Y 2020–2024
IMG_1234.jpeg,0,5.0,0,Dark,internal,Y 2020–2024
IMG_1246.jpeg,0,1.0,5,Dark,internal,3 2024–nå
IMG_1247.jpeg,0,1.0,5,Dark,internal,3 2024–nå
IMG_1248.jpeg,0,1.0,5,Dark,internal,3 2024–nå
IMG_1250.jpeg,0,5.0,0,Dark,internal,Y 2020–2024
IMG_1251.jpeg,0,5.0,0,Dark,internal,Y 2020–2024
IMG_1262.jpeg,0,1.0,6,Dark,internal,3 2024–nå
IMG_1295.jpeg,0,6.0,3,Dark,internal,Y 2025-nå
IMG_1296.jpeg,0,6.0,3,Dark,internal,Y 2025-nå
IMG_1297.jpeg,0,6.0,3,Dark,internal,Y 2025-nå
IMG_1298.jpeg,0,5.0,6,Dark,internal,Y 2020–2024
IMG_1299.jpeg,0,5.0,6,Dark,internal,Y 2020–2024
IMG_1300.jpeg,0,5.0,6,Medium,internal,Y 2020–2024
IMG_1313.jpeg,0,2.0,0,Dark,internal,S 2012–2015
IMG_1314.jpeg,0,2.0,0,Dark,internal,S 2012–2015
IMG_1315.jpeg,0,0.0,6,Dark,internal,3 2017–2023
IMG_1316.jpeg,0,0.0,6,Dark,internal,3 2017–2023
IMG_1317.jpeg,0,0.0,6,Dark,internal,3 2017–2023
IMG_1318.jpeg,0,0.0,0,Dark,internal,3 2017–2023
IMG_1319.jpeg,0,6.0,0,Dark,internal,Y 2025-nå
IMG_1320.jpeg,0,6.0,0,Dark,internal,Y 2025-nå
IMG_1321.jpeg,0,6.0,0,Dark,internal,Y 2025-nå
IMG_1322.jpeg,0,5.0,0,Dark,internal,Y 2020–2024
IMG_1327.jpeg,0,5.0,0,Dark,internal,Y 2020–2024
IMG_1328.jpeg,0,5.0,0,Dark,internal,Y 2020–2024
IMG_1329.jpeg,0,5.0,0,Dark,internal,Y 2020–2024
IMG_1330.jpeg,0,5.0,0,Dark,internal,Y 2020–2024
IMG_1331.jpeg,0,5.0,0,Dark,internal,Y 2020–2024
IMG_1332.jpeg,0,6.0,0,Dark,internal,Y 2025-nå
IMG_1333.jpeg,0,1.0,0,Dark,internal,3 2024–nå
IMG_1335.jpeg,0,1.0,5,Dark,internal,3 2024–nå
IMG_1336.jpeg,0,1.0,5,Dark,internal,3 2024–nå
IMG_1337.jpeg,0,1.0,5,Dark,internal,3 2024–nå
IMG_1372.jpeg,0,1.0,0,Dark,internal,3 2024–nå
IMG_1373.jpeg,0,1.0,0,Dark,internal,3 2024–nå
IMG_1374.jpeg,0,1.0,0,Dark,internal,3 2024–nå
IMG_1375.jpeg,0,5.0,6,Dark,internal,Y 2020–2024
IMG_1376.jpeg,0,5.0,6,Dark,internal,Y 2020–2024
IMG_1377.jpeg,0,5.0,6,Dark,internal,Y 2020–2024
IMG_1386.jpeg,0,5.0,1,Dark,internal,Y 2020–2024
IMG_1387.jpeg,0,6.0,5,Medium,internal,Y 2025-nå
IMG_1388.jpeg,0,6.0,5,Dark,internal,Y 2025-nå
IMG_1389.jpeg,0,6.0,5,Dark,internal,Y 2025-nå
IMG_1390.jpeg,0,6.0,6,Dark,internal,Y 2025-nå
IMG_1391.jpeg,0,6.0,6,Dark,internal,Y 2025-nå
IMG_1392.jpeg,0,6.0,6,Dark,internal,Y 2025-nå
IMG_1393.jpeg,0,0.0,0,Dark,internal,3 2017–2023
IMG_1394.jpeg,0,0.0,3,Dark,internal,3 2017–2023
IMG_1395.jpeg,0,0.0,0,Dark,internal,3 2017–2023
IMG_1461.jpeg,0,6.0,0,Dark,internal,Y 2025-nå
IMG_1462.jpeg,0,6.0,0,Dark,internal,Y 2025-nå
IMG_1463.jpeg,0,6.0,0,Dark,internal,Y 2025-nå
IMG_1464.jpeg,0,6.0,0,Dark,internal,Y 2025-nå
IMG_1465.jpeg,0,4.0,6,Dark,internal,X
IMG_1466.jpeg,0,4.0,6,Dark,internal,X
IMG_1467.jpeg,0,4.0,6,Dark,internal,X
IMG_1468.jpeg,0,4.0,0,Dark,internal,X
IMG_1469.jpeg,0,4.0,0,Dark,internal,X
IMG_1470.jpeg,0,4.0,0,Dark,internal,X
IMG_1472.jpeg,0,6.0,3,Dark,internal,Y 2025-nå
IMG_1473.jpeg,0,6.0,3,Dark,internal,Y 2025-nå
IMG_1474.jpeg,0,6.0,3,Dark,internal,Y 2025-nå
IMG_1477.jpeg,0,1.0,0,Dark,internal,3 2024–nå
IMG_1478.jpeg,0,1.0,0,Dark,internal,3 2024–nå
IMG_1479.jpeg,0,1.0,0,Dark,internal,3 2024–nå
IMG_1480.jpeg,0,1.0,0,Dark,internal,3 2024–nå
IMG_1481.jpeg,0,0.0,3,Dark,internal,3 2017–2023
IMG_1482.jpeg,0,6.0,0,Dark,internal,Y 2025-nå
IMG_1483.jpeg,0,6.0,0,Dark,internal,Y 2025-nå
IMG_1484.jpeg,0,6.0,0,Dark,internal,Y 2025-nå
IMG_1489.jpeg,0,6.0,3,Dark,internal,Y 2025-nå
IMG_1490.jpeg,0,6.0,3,Dark,internal,Y 2025-nå
IMG_1491.jpeg,0,6.0,3,Dark,internal,Y 2025-nå
IMG_1510.jpeg,0,6.0,0,Dark,internal,Y 2025-nå
IMG_1511.jpeg,0,6.0,0,Dark,internal,Y 2025-nå
IMG_1512.jpeg,0,6.0,0,Dark,internal,Y 2025-nå
IMG_1513.jpeg,0,0.0,6,Medium,internal,3 2017–2023
IMG_1514.jpeg,0,0.0,6,Medium,internal,3 2017–2023
IMG_1515.jpeg,0,0.0,6,Medium,internal,3 2017–2023
IMG_1555.jpeg,0,6.0,6,Dark,internal,Y 2025-nå
IMG_1556.jpeg,0,1.0,6,Medium,internal,3 2024–nå
IMG_1557.jpeg,0,1.0,6,Dark,internal,3 2024–nå
IMG_1576.jpeg,0,5.0,6,Dark,internal,Y 2020–2024
IMG_1577.jpeg,0,5.0,6,Dark,internal,Y 2020–2024
IMG_1578.jpeg,0,5.0,6,Medium,internal,Y 2020–2024
IMG_1594.jpeg,0,6.0,6,Dark,internal,Y 2025-nå
IMG_1595.jpeg,0,6.0,6,Dark,internal,Y 2025-nå
IMG_1596.jpeg,0,6.0,6,Dark,internal,Y 2025-nå
IMG_1600.jpeg,0,5.0,6,Dark,internal,Y 2020–2024
IMG_1601.jpeg,0,6.0,6,Dark,internal,Y 2025-nå
IMG_1602.jpeg,0,5.0,6,Dark,internal,Y 2020–2024
IMG_1618.jpeg,0,6.0,0,Dark,internal,Y 2025-nå
IMG_1619.jpeg,0,6.0,0,Dark,internal,Y 2025-nå
IMG_1620.jpeg,0,6.0,0,Dark,internal,Y 2025-nå
IMG_1621.jpeg,0,6.0,0,Dark,internal,Y 2025-nå
IMG_1622.jpeg,0,6.0,0,Dark,internal,Y 2025-nå
IMG_1623.jpeg,0,6.0,0,Dark,internal,Y 2025-nå
IMG_1639.jpeg,0,4.0,6,Dark,internal,X
IMG_1640.jpeg,0,4.0,6,Dark,internal,X
IMG_1641.jpeg,0,4.0,6,Dark,internal,X
IMG_1648.jpeg,0,4.0,6,Dark,internal,X
IMG_1649.jpeg,0,4.0,6,Medium,internal,X
IMG_1650.jpeg,0,4.0,6,Dark,internal,X
IMG_1652.jpeg,0,6.0,0,Dark,internal,Y 2025-nå
IMG_1653.jpeg,0,6.0,0,Dark,internal,Y 2025-nå
IMG_1654.jpeg,0,6.0,0,Dark,internal,Y 2025-nå
IMG_1655.jpeg,0,5.0,6,Dark,internal,Y 2020–2024
IMG_1656.jpeg,0,5.0,6,Dark,internal,Y 2020–2024
IMG_1657.jpeg,0,5.0,6,Dark,internal,Y 2020–2024
IMG_1658.jpeg,0,1.0,6,Dark,internal,3 2024–nå
IMG_1659.jpeg,0,1.0,6,Dark,internal,3 2024–nå
IMG_1660.jpeg,0,1.0,6,Dark,internal,3 2024–nå
IMG_1661.jpeg,0,6.0,0,Dark,internal,Y 2025-nå
IMG_1662.jpeg,0,6.0,0,Dark,internal,Y 2025-nå
IMG_1663.jpeg,0,6.0,0,Dark,internal,Y 2025-nå
IMG_1664.jpeg,0,6.0,6,Dark,internal,Y 2025-nå
IMG_1665.jpeg,0,6.0,6,Dark,internal,Y 2025-nå
IMG_1666.jpeg,0,6.0,6,Dark,internal,Y 2025-nå
IMG_1670.jpeg,0,1.0,0,Medium,internal,3 2024–nå
IMG_1671.jpeg,0,1.0,0,Dark,internal,3 2024–nå
IMG_1672.jpeg,0,1.0,0,Dark,internal,3 2024–nå
IMG_1721.jpeg,1,,0,Light,internal,Other car
IMG_1722.jpeg,1,,6,Light,internal,Other car
IMG_1723.jpeg,1,,0,Light,internal,Other car
IMG_1724.jpeg,1,,3,Light,internal,Other car
IMG_1725.jpeg,1,,1,Light,internal,Other car
IMG_1726.jpeg,1,,0,Light,internal,Other car
IMG_1727.jpeg,1,,3,Light,internal,Other car
IMG_1728.jpeg,1,,3,Light,internal,Other car
IMG_1729.jpeg,1,,0,Light,internal,Other car
IMG_1730.jpeg,1,,3,Light,internal,Other car
IMG_1731.jpeg,1,,3,Light,internal,Other car
IMG_1732.jpeg,1,,0,Light,internal,Other car
IMG_1733.jpeg,1,,0,Light,internal,Other car
IMG_1734.jpeg,1,,0,Light,internal,Other car
IMG_1735.jpeg,1,,3,Light,internal,Other car
IMG_1736.jpeg,1,,0,Light,internal,Other car
IMG_1737.jpeg,1,,0,Light,internal,Other car
IMG_1738.jpeg,1,,5,Light,internal,Other car
IMG_1739.jpeg,1,,0,Light,internal,Other car
IMG_1740.jpeg,1,,3,Light,internal,Other car
IMG_1741.jpeg,1,,0,Light,internal,Other car
IMG_1742.jpeg,1,,0,Light,internal,Other car
IMG_1743.jpeg,1,,3,Light,internal,Other car
IMG_1744.jpeg,1,,2,Light,internal,Other car
IMG_1745.jpeg,1,,3,Light,internal,Other car
IMG_1746.jpeg,1,,0,Light,internal,Other car
IMG_1747.jpeg,1,,1,Light,internal,Other car
IMG_1748.jpeg,1,,0,Light,internal,Other car
IMG_1749.jpeg,1,,1,Light,internal,Other car
IMG_1750.jpeg,1,,6,Light,internal,Other car
IMG_1751.jpeg,1,,3,Light,internal,Other car
IMG_1752.jpeg,1,,0,Light,internal,Other car
IMG_1817.jpeg,1,,1,Medium,internal,Other car
IMG_1819.jpeg,1,,0,Medium,internal,Other car
IMG_1820.jpeg,1,,3,Medium,internal,Other car
IMG_1822.jpeg,1,,3,Medium,internal,Other car
IMG_1823.jpeg,1,,3,Medium,internal,Other car
IMG_1824.jpeg,1,,1,Dark,internal,Other car
IMG_1827.jpeg,1,,0,Medium,internal,Other car
IMG_1828.jpeg,1,,6,Dark,internal,Other car
IMG_1833.jpeg,1,,3,Medium,internal,Other car
IMG_1836.jpeg,1,,3,Medium,internal,Other car
IMG_1837.jpeg,1,,1,Medium,internal,Other car
IMG_1838.jpeg,1,,3,Medium,internal,Other car
IMG_1839.jpeg,1,,6,Medium,internal,Other car
IMG_1840.jpeg,1,,0,Medium,internal,Other car
IMG_1841.jpeg,1,,3,Medium,internal,Other car
IMG_1842.jpeg,1,,0,Medium,internal,Other car
IMG_1843.jpeg,1,,0,Dark,internal,Other car
IMG_1844.jpeg,1,,0,Medium,internal,Other car
IMG_1845.jpeg,1,,0,Medium,internal,Other car
IMG_1846.jpeg,1,,3,Medium,internal,Other car
IMG_1847.jpeg,1,,0,Medium,internal,Other car
IMG_1848.jpeg,1,,0,Medium,internal,Other car
IMG_1850.jpeg,1,,3,Medium,internal,Other car
IMG_1851.jpeg,1,,5,Medium,internal,Other car
IMG_1852.jpeg,1,,6,Medium,internal,Other car
IMG_1856.jpeg,1,,3,Medium,internal,Other car
IMG_1857.jpeg,1,,3,Medium,internal,Other car
IMG_1858.jpeg,1,,3,Medium,internal,Other car
IMG_1859.jpeg,1,,3,Medium,internal,Other car
IMG_1273.jpeg,1,,5,Dark,internal,Other car
IMG_1274.jpeg,1,,0,Dark,internal,Other car
IMG_1275.jpeg,1,,3,Dark,internal,Other car
IMG_1276.jpeg,1,,3,Dark,internal,Other car
IMG_1277.jpeg,1,,0,Dark,internal,Other car
IMG_1278.jpeg,1,,3,Dark,internal,Other car
IMG_1279.jpeg,1,,6,Dark,internal,Other car
IMG_1280.jpeg,1,,6,Dark,internal,Other car
IMG_1281.jpeg,1,,0,Dark,internal,Other car
IMG_1282.jpeg,1,,1,Dark,internal,Other car
IMG_1283.jpeg,1,,0,Dark,internal,Other car
IMG_1284.jpeg,1,,1,Dark,internal,Other car
IMG_1285.jpeg,1,,0,Dark,internal,Other car
IMG_1286.jpeg,1,,0,Dark,internal,Other car
IMG_1813.jpeg,1,,1,Dark,internal,Other car
IMG_1814.jpeg,1,,0,Dark,internal,Other car
IMG_1815.jpeg,1,,1,Dark,internal,Other car
IMG_1816.jpeg,1,,6,Dark,internal,Other car
IMG_1818.jpeg,1,,3,Dark,internal,Other car
IMG_1821.jpeg,1,,0,Dark,internal,Other car
IMG_1825.jpeg,1,,0,Dark,internal,Other car
IMG_1826.jpeg,1,,0,Dark,internal,Other car
IMG_1829.jpeg,1,,3,Dark,internal,Other car
IMG_1830.jpeg,1,,0,Dark,internal,Other car
IMG_1831.jpeg,1,,0,Dark,internal,Other car
IMG_1832.jpeg,1,,3,Dark,internal,Other car
IMG_1834.jpeg,1,,0,Dark,internal,Other car
IMG_1835.jpeg,1,,0,Dark,internal,Other car
IMG_1849.jpeg,1,,0,Dark,internal,Other car
IMG_1853.jpeg,1,,6,Dark,internal,Other car
IMG_1854.jpeg,1,,0,Dark,internal,Other car
IMG_1855.jpeg,1,,0,Dark,internal,Other car
IMG_3872.jpeg,0,5.0,0,Light,internal,Y 2020–2024
IMG_3873.jpeg,0,5.0,0,Light,internal,Y 2020–2024
IMG_3874.jpeg,0,5.0,0,Light,internal,Y 2020–2024
IMG_3875.jpeg,0,1.0,6,Light,internal,3 2024–nå
IMG_3876.jpeg,0,1.0,6,Light,internal,3 2024–nå
IMG_3877.jpeg,0,1.0,6,Light,internal,3 2024–nå
IMG_3878.jpeg,0,0.0,0,Light,internal,3 2017–2023
IMG_3879.jpeg,0,0.0,0,Light,internal,3 2017–2023
IMG_3880.jpeg,0,0.0,0,Light,internal,3 2017–2023
IMG_3881.jpeg,0,0.0,1,Light,internal,3 2017–2023
IMG_3882.jpeg,0,0.0,1,Light,internal,3 2017–2023
IMG_3883.jpeg,0,0.0,1,Light,internal,3 2017–2023
IMG_3884.jpeg,0,5.0,6,Light,internal,Y 2020–2024
IMG_3885.jpeg,0,5.0,6,Light,internal,Y 2020–2024
IMG_3886.jpeg,0,5.0,6,Light,internal,Y 2020–2024
IMG_3887.jpeg,0,6.0,6,Light,internal,Y 2025-nå
IMG_3888.jpeg,0,6.0,6,Light,internal,Y 2025-nå
IMG_3889.jpeg,0,6.0,6,Light,internal,Y 2025-nå
IMG_3890.jpeg,0,6.0,0,Light,internal,Y 2025-nå
IMG_3891.jpeg,0,6.0,0,Light,internal,Y 2025-nå
IMG_3892.jpeg,0,6.0,0,Light,internal,Y 2025-nå
IMG_3893.jpeg,0,6.0,0,Light,internal,Y 2025-nå
IMG_3894.jpeg,0,6.0,0,Light,internal,Y 2025-nå
IMG_3895.jpeg,0,6.0,0,Light,internal,Y 2025-nå
IMG_3896.jpeg,0,0.0,0,Light,internal,3 2017–2023
IMG_3897.jpeg,0,0.0,0,Light,internal,3 2017–2023
IMG_3898.jpeg,0,0.0,0,Light,internal,3 2017–2023
IMG_3899.jpeg,0,5.0,0,Light,internal,Y 2020–2024
IMG_3900.jpeg,0,5.0,0,Light,internal,Y 2020–2024
IMG_3901.jpeg,0,5.0,0,Light,internal,Y 2020–2024
IMG_3902.jpeg,0,0.0,0,Light,internal,3 2017–2023
IMG_3903.jpeg,0,0.0,0,Light,internal,3 2017–2023
IMG_3904.jpeg,0,0.0,0,Light,internal,3 2017–2023
IMG_3905.jpeg,0,5.0,5,Light,internal,Y 2020–2024
IMG_3906.jpeg,0,5.0,5,Light,internal,Y 2020–2024
IMG_3907.jpeg,0,5.0,5,Light,internal,Y 2020–2024
IMG_3908.jpeg,0,4.0,0,Light,internal,X
IMG_3909.jpeg,0,4.0,0,Light,internal,X
IMG_3910.jpeg,0,4.0,0,Light,internal,X
IMG_3911.jpeg,0,5.0,0,Light,internal,Y 2020–2024
IMG_3912.jpeg,0,5.0,0,Light,internal,Y 2020–2024
IMG_3913.jpeg,0,5.0,0,Light,internal,Y 2020–2024
IMG_3914.jpeg,0,5.0,6,Light,internal,Y 2020–2024
IMG_3915.jpeg,0,5.0,6,Light,internal,Y 2020–2024
IMG_3916.jpeg,0,5.0,6,Light,internal,Y 2020–2024
IMG_3917.jpeg,0,0.0,6,Light,internal,3 2017–2023
IMG_3918.jpeg,0,0.0,6,Light,internal,3 2017–2023
IMG_3919.jpeg,0,0.0,6,Light,internal,3 2017–2023
IMG_3920.jpeg,0,0.0,1,Light,internal,3 2017–2023
IMG_3921.jpeg,0,0.0,1,Light,internal,3 2017–2023
IMG_3922.jpeg,0,0.0,1,Light,internal,3 2017–2023
IMG_3923.jpeg,0,5.0,3,Light,internal,Y 2020–2024
IMG_3924.jpeg,0,5.0,3,Light,internal,Y 2020–2024
IMG_3925.jpeg,0,5.0,3,Light,internal,Y 2020–2024
IMG_3926.jpeg,0,6.0,5,Light,internal,Y 2025-nå
IMG_3927.jpeg,0,6.0,5,Light,internal,Y 2025-nå
IMG_3928.jpeg,0,6.0,5,Light,internal,Y 2025-nå
IMG_3929.jpeg,0,6.0,5,Light,internal,Y 2025-nå
IMG_3930.jpeg,0,6.0,0,Light,internal,Y 2025-nå
IMG_3931.jpeg,0,6.0,0,Light,internal,Y 2025-nå
IMG_3932.jpeg,0,6.0,0,Light,internal,Y 2025-nå
IMG_3933.jpeg,0,0.0,0,Light,internal,3 2017–2023
IMG_3934.jpeg,0,0.0,0,Light,internal,3 2017–2023
IMG_3935.jpeg,0,0.0,0,Light,internal,3 2017–2023
IMG_3936.jpeg,0,1.0,1,Light,internal,3 2024–nå
IMG_3937.jpeg,0,1.0,1,Light,internal,3 2024–nå
IMG_3938.jpeg,0,1.0,1,Light,internal,3 2024–nå
IMG_3939.jpeg,0,5.0,3,Light,internal,Y 2020–2024
IMG_3940.jpeg,0,5.0,3,Light,internal,Y 2020–2024
IMG_3941.jpeg,0,5.0,3,Light,internal,Y 2020–2024
IMG_3942.jpeg,0,5.0,1,Light,internal,Y 2020–2024
IMG_3943.jpeg,0,5.0,1,Light,internal,Y 2020–2024
IMG_3944.jpeg,0,5.0,1,Light,internal,Y 2020–2024
IMG_3945.jpeg,0,5.0,0,Light,internal,Y 2020–2024
IMG_3946.jpeg,0,5.0,0,Light,internal,Y 2020–2024
IMG_3947.jpeg,0,5.0,0,Light,internal,Y 2020–2024
IMG_3948.jpeg,0,5.0,0,Light,internal,Y 2020–2024
IMG_3949.jpeg,0,5.0,0,Light,internal,Y 2020–2024
IMG_3950.jpeg,0,5.0,0,Light,internal,Y 2020–2024
IMG_3951.jpeg,0,5.0,0,Light,internal,Y 2020–2024
IMG_3952.jpeg,0,1.0,6,Light,internal,3 2024–nå
IMG_3953.jpeg,0,1.0,6,Light,internal,3 2024–nå
IMG_3954.jpeg,0,1.0,6,Light,internal,3 2024–nå
IMG_3955.jpeg,0,6.0,0,Light,internal,Y 2025-nå
IMG_3956.jpeg,0,6.0,0,Light,internal,Y 2025-nå
IMG_3957.jpeg,0,6.0,0,Light,internal,Y 2025-nå
IMG_3958.jpeg,0,5.0,6,Light,internal,Y 2020–2024
IMG_3959.jpeg,0,0.0,6,Light,internal,3 2017–2023
IMG_3960.jpeg,0,5.0,6,Light,internal,Y 2020–2024
IMG_3961.jpeg,0,5.0,5,Light,internal,Y 2020–2024
IMG_3962.jpeg,0,5.0,5,Light,internal,Y 2020–2024
IMG_3963.jpeg,0,5.0,5,Light,internal,Y 2020–2024
IMG_3964.jpeg,0,1.0,5,Light,internal,3 2024–nå
IMG_3965.jpeg,0,1.0,5,Light,internal,3 2024–nå
IMG_3966.jpeg,0,1.0,5,Light,internal,3 2024–nå
IMG_3967.jpeg,0,1.0,1,Light,internal,3 2024–nå
IMG_3968.jpeg,0,1.0,1,Light,internal,3 2024–nå
IMG_3969.jpeg,0,1.0,1,Light,internal,3 2024–nå
IMG_3970.jpeg,0,5.0,0,Light,internal,Y 2020–2024
IMG_3971.jpeg,0,5.0,0,Light,internal,Y 2020–2024
IMG_3972.jpeg,0,5.0,0,Light,internal,Y 2020–2024
IMG_3973.jpeg,0,5.0,1,Light,internal,Y 2020–2024
IMG_3974.jpeg,0,5.0,1,Light,internal,Y 2020–2024
IMG_3975.jpeg,0,5.0,1,Light,internal,Y 2020–2024
IMG_3976.jpeg,0,4.0,1,Light,internal,X
IMG_3977.jpeg,0,4.0,1,Light,internal,X
IMG_3978.jpeg,0,4.0,1,Light,internal,X
IMG_3979.jpeg,0,5.0,1,Light,internal,Y 2020–2024
IMG_3980.jpeg,0,5.0,1,Light,internal,Y 2020–2024
IMG_3981.jpeg,0,5.0,1,Light,internal,Y 2020–2024
IMG_3982.jpeg,0,1.0,0,Light,internal,3 2024–nå
IMG_3983.jpeg,0,1.0,0,Light,internal,3 2024–nå
IMG_3984.jpeg,0,1.0,0,Light,internal,3 2024–nå
IMG_3985.jpeg,0,1.0,0,Light,internal,3 2024–nå
IMG_3986.jpeg,0,1.0,0,Light,internal,3 2024–nå
IMG_3987.jpeg,0,1.0,0,Light,internal,3 2024–nå
IMG_3988.jpeg,0,1.0,0,Light,internal,3 2024–nå
IMG_3989.jpeg,0,6.0,3,Light,internal,Y 2025-nå
IMG_3990.jpeg,0,6.0,3,Light,internal,Y 2025-nå
IMG_3991.jpeg,0,6.0,3,Light,internal,Y 2025-nå
IMG_3992.jpeg,0,5.0,6,Light,internal,Y 2020–2024
IMG_3993.jpeg,0,5.0,6,Light,internal,Y 2020–2024
IMG_3994.jpeg,0,5.0,6,Light,internal,Y 2020–2024
IMG_3995.jpeg,0,5.0,3,Light,internal,Y 2020–2024
IMG_3996.jpeg,0,5.0,3,Light,internal,Y 2020–2024
IMG_3997.jpeg,0,5.0,3,Light,internal,Y 2020–2024
IMG_3998.jpeg,0,5.0,6,Light,internal,Y 2020–2024
IMG_3999.jpeg,0,5.0,6,Light,internal,Y 2020–2024
IMG_4001.jpeg,0,5.0,6,Light,internal,Y 2020–2024
IMG_4002.jpeg,0,5.0,6,Light,internal,Y 2020–2024
IMG_4003.jpeg,0,5.0,6,Light,internal,Y 2020–2024
IMG_4004.jpeg,0,5.0,6,Light,internal,Y 2020–2024
IMG_4005.jpeg,0,6.0,0,Light,internal,Y 2025-nå
IMG_4006.jpeg,0,6.0,0,Light,internal,Y 2025-nå
IMG_4007.jpeg,0,6.0,0,Light,internal,Y 2025-nå
IMG_4008.jpeg,0,1.0,1,Light,internal,3 2024–nå
IMG_4009.jpeg,0,1.0,1,Light,internal,3 2024–nå
IMG_4010.jpeg,0,1.0,1,Light,internal,3 2024–nå
IMG_4011.jpeg,0,1.0,6,Light,internal,3 2024–nå
IMG_4012.jpeg,0,1.0,6,Light,internal,3 2024–nå
IMG_4013.jpeg,0,1.0,6,Light,internal,3 2024–nå
IMG_4014.jpeg,0,5.0,6,Light,internal,Y 2020–2024
IMG_4015.jpeg,0,5.0,6,Light,internal,Y 2020–2024
IMG_4016.jpeg,0,5.0,6,Light,internal,Y 2020–2024
IMG_4017.jpeg,0,5.0,0,Light,internal,Y 2020–2024
IMG_4018.jpeg,0,5.0,0,Light,internal,Y 2020–2024
IMG_4019.jpeg,0,5.0,0,Light,internal,Y 2020–2024
IMG_4020.jpeg,0,0.0,6,Light,internal,3 2017–2023
IMG_4021.jpeg,0,0.0,6,Light,internal,3 2017–2023
IMG_4022.jpeg,0,0.0,6,Light,internal,3 2017–2023
IMG_4023.jpeg,0,6.0,0,Light,internal,Y 2025-nå
IMG_4024.jpeg,0,6.0,0,Light,internal,Y 2025-nå
IMG_4025.jpeg,0,6.0,0,Light,internal,Y 2025-nå
IMG_4026.jpeg,0,4.0,6,Light,internal,X
IMG_4027.jpeg,0,4.0,6,Light,internal,X
IMG_4028.jpeg,0,4.0,6,Light,internal,X
IMG_4029.jpeg,0,1.0,6,Light,internal,3 2024–nå
IMG_4030.jpeg,0,1.0,6,Light,internal,3 2024–nå
IMG_4031.jpeg,0,1.0,6,Light,internal,3 2024–nå
IMG_4032.jpeg,0,1.0,3,Light,internal,3 2024–nå
IMG_4033.jpeg,0,1.0,3,Light,internal,3 2024–nå
IMG_4034.jpeg,0,1.0,3,Light,internal,3 2024–nå
IMG_4035.jpeg,0,2.0,0,Light,internal,S 2012–2015
IMG_4036.jpeg,0,2.0,0,Light,internal,S 2012–2015
IMG_4037.jpeg,0,2.0,0,Light,internal,S 2012–2015
IMG_4038.jpeg,0,2.0,0,Light,internal,S 2012–2015
IMG_4039.jpeg,0,2.0,0,Light,internal,S 2012–2015
IMG_4040.jpeg,0,2.0,0,Light,internal,S 2012–2015
IMG_4041.jpeg,0,2.0,0,Light,internal,S 2012–2015
IMG_3689.jpeg,0,5.0,6,Medium,internal,Y 2020–2024
IMG_3690.jpeg,0,5.0,6,Medium,internal,Y 2020–2024
IMG_3691.jpeg,0,5.0,6,Medium,internal,Y 2020–2024
IMG_3692.jpeg,0,6.0,0,Medium,internal,Y 2025-nå
IMG_3693.jpeg,0,6.0,0,Medium,internal,Y 2025-nå
IMG_3694.jpeg,0,6.0,0,Medium,internal,Y 2025-nå
IMG_3695.jpeg,0,6.0,0,Medium,internal,Y 2025-nå
IMG_3696.jpeg,0,6.0,0,Medium,internal,Y 2025-nå
IMG_3697.jpeg,0,6.0,0,Medium,internal,Y 2025-nå
IMG_3698.jpeg,0,5.0,0,Medium,internal,Y 2020–2024
IMG_3699.jpeg,0,5.0,0,Medium,internal,Y 2020–2024
IMG_3700.jpeg,0,5.0,0,Medium,internal,Y 2020–2024
IMG_3701.jpeg,0,1.0,6,Medium,internal,3 2024–nå
IMG_3702.jpeg,0,1.0,6,Medium,internal,3 2024–nå
IMG_3703.jpeg,0,1.0,6,Medium,internal,3 2024–nå
IMG_3704.jpeg,0,3.0,3,Medium,internal,S 2016–nå
IMG_3705.jpeg,0,3.0,3,Medium,internal,S 2016–nå
IMG_3706.jpeg,0,3.0,3,Medium,internal,S 2016–nå
IMG_3707.jpeg,0,5.0,5,Medium,internal,Y 2020–2024
IMG_3708.jpeg,0,5.0,5,Medium,internal,Y 2020–2024
IMG_3709.jpeg,0,5.0,5,Medium,internal,Y 2020–2024
IMG_3710.jpeg,0,6.0,0,Medium,internal,Y 2025-nå
IMG_3711.jpeg,0,6.0,0,Medium,internal,Y 2025-nå
IMG_3712.jpeg,0,6.0,0,Medium,internal,Y 2025-nå
IMG_3713.jpeg,0,5.0,0,Medium,internal,Y 2020–2024
IMG_3714.jpeg,0,5.0,0,Medium,internal,Y 2020–2024
IMG_3715.jpeg,0,5.0,0,Medium,internal,Y 2020–2024
IMG_3716.jpeg,0,5.0,6,Medium,internal,Y 2020–2024
IMG_3717.jpeg,0,5.0,6,Medium,internal,Y 2020–2024
IMG_3718.jpeg,0,5.0,6,Medium,internal,Y 2020–2024
IMG_3719.jpeg,0,5.0,6,Medium,internal,Y 2020–2024
IMG_3720.jpeg,0,5.0,6,Medium,internal,Y 2020–2024
IMG_3721.jpeg,0,5.0,6,Medium,internal,Y 2020–2024
IMG_3722.jpeg,0,5.0,6,Medium,internal,Y 2020–2024
IMG_3723.jpeg,0,5.0,6,Medium,internal,Y 2020–2024
IMG_3724.jpeg,0,5.0,6,Medium,internal,Y 2020–2024
IMG_3725.jpeg,0,4.0,0,Medium,internal,X
IMG_3726.jpeg,0,4.0,0,Medium,internal,X
IMG_3727.jpeg,0,4.0,0,Medium,internal,X
IMG_3728.jpeg,0,3.0,0,Medium,internal,S 2016–nå
IMG_3729.jpeg,0,3.0,0,Medium,internal,S 2016–nå
IMG_3730.jpeg,0,3.0,0,Medium,internal,S 2016–nå
IMG_3731.jpeg,0,5.0,6,Medium,internal,Y 2020–2024
IMG_3732.jpeg,0,5.0,6,Medium,internal,Y 2020–2024
IMG_3733.jpeg,0,5.0,6,Medium,internal,Y 2020–2024
IMG_3734.jpeg,0,5.0,0,Medium,internal,Y 2020–2024
IMG_3735.jpeg,0,5.0,0,Medium,internal,Y 2020–2024
IMG_3736.jpeg,0,5.0,0,Medium,internal,Y 2020–2024
IMG_3737.jpeg,0,5.0,0,Medium,internal,Y 2020–2024
IMG_3738.jpeg,0,5.0,0,Medium,internal,Y 2020–2024
IMG_3739.jpeg,0,5.0,0,Medium,internal,Y 2020–2024
IMG_3740.jpeg,0,2.0,3,Medium,internal,S 2012–2015
IMG_3741.jpeg,0,2.0,3,Medium,internal,S 2012–2015
IMG_3742.jpeg,0,2.0,3,Medium,internal,S 2012–2015
IMG_3743.jpeg,0,2.0,3,Medium,internal,S 2012–2015
IMG_3744.jpeg,0,2.0,3,Medium,internal,S 2012–2015
IMG_3745.jpeg,0,2.0,3,Medium,internal,S 2012–2015
IMG_3746.jpeg,0,5.0,3,Medium,internal,Y 2020–2024
IMG_3747.jpeg,0,5.0,3,Medium,internal,Y 2020–2024
IMG_3748.jpeg,0,5.0,3,Medium,internal,Y 2020–2024
IMG_3749.jpeg,0,0.0,5,Medium,internal,3 2017–2023
IMG_3750.jpeg,0,0.0,5,Medium,internal,3 2017–2023
IMG_3751.jpeg,0,0.0,5,Medium,internal,3 2017–2023
IMG_4042.jpeg,0,6.0,6,Medium,internal,Y 2025-nå
IMG_4043.jpeg,0,6.0,6,Medium,internal,Y 2025-nå
IMG_4044.jpeg,0,6.0,6,Medium,internal,Y 2025-nå
IMG_4045.jpeg,0,6.0,0,Medium,internal,Y 2025-nå
IMG_4046.jpeg,0,6.0,0,Medium,internal,Y 2025-nå
IMG_4047.jpeg,0,6.0,0,Medium,internal,Y 2025-nå
IMG_4048.jpeg,0,1.0,6,Medium,internal,3 2024–nå
IMG_4049.jpeg,0,1.0,6,Medium,internal,3 2024–nå
IMG_4050.jpeg,0,1.0,6,Medium,internal,3 2024–nå
IMG_4051.jpeg,0,0.0,0,Medium,internal,3 2017–2023
IMG_4052.jpeg,0,0.0,0,Medium,internal,3 2017–2023
IMG_4053.jpeg,0,0.0,0,Medium,internal,3 2017–2023
IMG_4054.jpeg,0,5.0,6,Medium,internal,Y 2020–2024
IMG_4055.jpeg,0,5.0,6,Medium,internal,Y 2020–2024
IMG_4056.jpeg,0,5.0,6,Medium,internal,Y 2020–2024
IMG_4057.jpeg,0,5.0,3,Medium,internal,Y 2020–2024
IMG_4058.jpeg,0,5.0,3,Medium,internal,Y 2020–2024
IMG_4059.jpeg,0,5.0,3,Medium,internal,Y 2020–2024
IMG_4060.jpeg,0,5.0,6,Medium,internal,Y 2020–2024
IMG_4061.jpeg,0,5.0,6,Medium,internal,Y 2020–2024
IMG_4062.jpeg,0,5.0,6,Medium,internal,Y 2020–2024
IMG_4063.jpeg,0,5.0,0,Medium,internal,Y 2020–2024
IMG_4064.jpeg,0,5.0,0,Medium,internal,Y 2020–2024
IMG_4065.jpeg,0,5.0,0,Medium,internal,Y 2020–2024
IMG_4066.jpeg,0,1.0,6,Medium,internal,3 2024–nå
IMG_4067.jpeg,0,1.0,6,Medium,internal,3 2024–nå
IMG_4068.jpeg,0,1.0,6,Medium,internal,3 2024–nå
IMG_4069.jpeg,0,5.0,6,Medium,internal,Y 2020–2024
IMG_4070.jpeg,0,5.0,6,Medium,internal,Y 2020–2024
IMG_4071.jpeg,0,5.0,6,Medium,internal,Y 2020–2024
IMG_4072.jpeg,0,5.0,6,Medium,internal,Y 2020–2024
IMG_4073.jpeg,0,5.0,6,Medium,internal,Y 2020–2024
IMG_4074.jpeg,0,5.0,6,Medium,internal,Y 2020–2024
IMG_4075.jpeg,0,0.0,1,Medium,internal,3 2017–2023
IMG_4076.jpeg,0,0.0,1,Medium,internal,3 2017–2023
IMG_4077.jpeg,0,0.0,1,Medium,internal,3 2017–2023
IMG_4078.jpeg,0,1.0,0,Medium,internal,3 2024–nå
IMG_4079.jpeg,0,1.0,0,Medium,internal,3 2024–nå
IMG_4080.jpeg,0,0.0,6,Medium,internal,3 2017–2023
IMG_4081.jpeg,0,0.0,6,Medium,internal,3 2017–2023
IMG_4082.jpeg,0,0.0,6,Medium,internal,3 2017–2023
IMG_4083.jpeg,0,5.0,6,Medium,internal,Y 2020–2024
IMG_4084.jpeg,0,5.0,6,Medium,internal,Y 2020–2024
IMG_4085.jpeg,0,5.0,6,Medium,internal,Y 2020–2024
IMG_4086.jpeg,0,6.0,0,Medium,internal,Y 2025-nå
IMG_4087.jpeg,0,6.0,0,Medium,internal,Y 2025-nå
IMG_4088.jpeg,0,6.0,0,Medium,internal,Y 2025-nå
IMG_4089.jpeg,0,1.0,0,Medium,internal,3 2024–nå
IMG_4090.jpeg,0,1.0,0,Medium,internal,3 2024–nå
IMG_4091.jpeg,0,1.0,0,Medium,internal,3 2024–nå
IMG_4092.jpeg,0,1.0,0,Medium,internal,3 2024–nå
IMG_4093.jpeg,0,1.0,0,Medium,internal,3 2024–nå
IMG_4094.jpeg,0,1.0,0,Medium,internal,3 2024–nå
IMG_4095.jpeg,0,6.0,0,Medium,internal,Y 2025-nå
IMG_4096.jpeg,0,6.0,0,Medium,internal,Y 2025-nå
IMG_4097.jpeg,0,6.0,0,Medium,internal,Y 2025-nå
IMG_4098.jpeg,0,5.0,0,Medium,internal,Y 2020–2024
IMG_4099.jpeg,0,5.0,0,Medium,internal,Y 2020–2024
IMG_4100.jpeg,0,5.0,0,Medium,internal,Y 2020–2024
IMG_4101.jpeg,0,3.0,0,Medium,internal,S 2016–nå
IMG_4102.jpeg,0,3.0,0,Medium,internal,S 2016–nå
IMG_4103.jpeg,0,3.0,0,Medium,internal,S 2016–nå
IMG_4104.jpeg,0,5.0,6,Medium,internal,Y 2020–2024
IMG_4105__Kopi.jpeg,0,5.0,6,Medium,internal,Y 2020–2024
IMG_4105.jpeg,0,5.0,6,Medium,internal,Y 2020–2024
IMG_4106.jpeg,0,5.0,6,Medium,internal,Y 2020–2024
IMG_4107.jpeg,0,0.0,6,Medium,internal,3 2017–2023
IMG_4108.jpeg,0,0.0,6,Medium,internal,3 2017–2023
IMG_4109.jpeg,0,0.0,6,Medium,internal,3 2017–2023
IMG_4110.jpeg,0,6.0,0,Medium,internal,Y 2025-nå
IMG_4112.jpeg,0,6.0,0,Medium,internal,Y 2025-nå
IMG_4113.jpeg,0,6.0,0,Medium,internal,Y 2025-nå
IMG_4114.jpeg,0,6.0,0,Medium,internal,Y 2025-nå
IMG_4115.jpeg,0,6.0,0,Medium,internal,Y 2025-nå
IMG_4116.jpeg,0,1.0,6,Medium,internal,3 2024–nå
IMG_4117.jpeg,0,1.0,6,Medium,internal,3 2024–nå
IMG_4118.jpeg,0,1.0,6,Medium,internal,3 2024–nå
IMG_4119.jpeg,0,6.0,0,Medium,internal,Y 2025-nå
IMG_4120.jpeg,0,6.0,0,Medium,internal,Y 2025-nå
IMG_4121.jpeg,0,6.0,0,Medium,internal,Y 2025-nå
IMG_4122.jpeg,0,6.0,6,Medium,internal,Y 2025-nå
IMG_4123.jpeg,0,6.0,6,Medium,internal,Y 2025-nå
IMG_4124.jpeg,0,6.0,6,Medium,internal,Y 2025-nå
IMG_4125.jpeg,0,4.0,0,Medium,internal,X
IMG_4126.jpeg,0,4.0,0,Medium,internal,X
IMG_4127.jpeg,0,4.0,0,Medium,internal,X
IMG_4128.jpeg,0,5.0,0,Medium,internal,Y 2020–2024
IMG_4129.jpeg,0,5.0,0,Medium,internal,Y 2020–2024
IMG_4130.jpeg,0,0.0,0,Medium,internal,3 2017–2023
IMG_4131.jpeg,0,0.0,0,Medium,internal,3 2017–2023
IMG_4132.jpeg,0,0.0,0,Medium,internal,3 2017–2023
IMG_4133.jpeg,0,0.0,0,Medium,internal,3 2017–2023
IMG_4134.jpeg,0,6.0,0,Medium,internal,Y 2025-nå
IMG_4135.jpeg,0,6.0,0,Medium,internal,Y 2025-nå
IMG_4136.jpeg,0,6.0,0,Medium,internal,Y 2025-nå
IMG_4140.jpeg,0,6.0,6,Medium,internal,Y 2025-nå
IMG_4141.jpeg,0,6.0,6,Medium,internal,Y 2025-nå
IMG_4142.jpeg,0,6.0,6,Medium,internal,Y 2025-nå
IMG_4143.jpeg,0,4.0,3,Medium,internal,X
IMG_4144.jpeg,0,4.0,3,Medium,internal,X
IMG_4145.jpeg,0,4.0,3,Dark,internal,X
IMG_4165.jpeg,0,5.0,6,Dark,internal,Y 2020–2024
IMG_4166.jpeg,0,5.0,6,Dark,internal,Y 2020–2024
IMG_4167.jpeg,0,5.0,0,Dark,internal,Y 2020–2024
IMG_4170.jpeg,0,5.0,6,Medium,internal,Y 2020–2024
IMG_4171.jpeg,0,5.0,6,Medium,internal,Y 2020–2024
IMG_4172.jpeg,0,5.0,6,Medium,internal,Y 2020–2024
IMG_4173.jpeg,0,5.0,6,Medium,internal,Y 2020–2024
IMG_4174.jpeg,0,5.0,6,Medium,internal,Y 2020–2024
IMG_4175.jpeg,0,5.0,6,Medium,internal,Y 2020–2024
IMG_4176.jpeg,0,6.0,3,Dark,internal,Y 2025-nå
IMG_4177.jpeg,0,6.0,3,Dark,internal,Y 2025-nå
IMG_4178.jpeg,0,6.0,3,Dark,internal,Y 2025-nå
IMG_4179.jpeg,0,5.0,1,Dark,internal,Y 2020–2024
IMG_4180.jpeg,0,5.0,1,Dark,internal,Y 2020–2024
IMG_4181.jpeg,0,5.0,1,Dark,internal,Y 2020–2024
IMG_4182.jpeg,0,1.0,6,Dark,internal,3 2024–nå
IMG_4183.jpeg,0,1.0,6,Medium,internal,3 2024–nå
IMG_4184.jpeg,0,1.0,6,Dark,internal,3 2024–nå
IMG_4185.jpeg,0,5.0,1,Dark,internal,Y 2020–2024
IMG_4186.jpeg,0,5.0,1,Medium,internal,Y 2020–2024
IMG_4187.jpeg,0,5.0,1,Dark,internal,Y 2020–2024
IMG_4188.jpeg,0,1.0,6,Dark,internal,3 2024–nå
IMG_4189.jpeg,0,1.0,6,Dark,internal,3 2024–nå
IMG_4190.jpeg,0,1.0,6,Dark,internal,3 2024–nå
IMG_4191.jpeg,0,0.0,5,Dark,internal,3 2017–2023
IMG_4192.jpeg,0,0.0,5,Dark,internal,3 2017–2023
IMG_4193.jpeg,0,0.0,5,Dark,internal,3 2017–2023
IMG_4202.jpeg,0,6.0,6,Dark,internal,Y 2025-nå
IMG_4203.jpeg,0,6.0,6,Dark,internal,Y 2025-nå
IMG_4204.jpeg,0,6.0,6,Dark,internal,Y 2025-nå
IMG_4205.jpeg,0,1.0,6,Dark,internal,3 2024–nå
IMG_4206.jpeg,0,1.0,6,Dark,internal,3 2024–nå
IMG_4207.jpeg,0,1.0,6,Dark,internal,3 2024–nå
IMG_4208.jpeg,0,0.0,1,Dark,internal,3 2017–2023
IMG_4209.jpeg,0,0.0,1,Dark,internal,3 2017–2023
IMG_4210.jpeg,0,0.0,1,Dark,internal,3 2017–2023
IMG_4211.jpeg,0,5.0,6,Medium,internal,Y 2020–2024
IMG_4212.jpeg,0,5.0,6,Medium,internal,Y 2020–2024
IMG_4213.jpeg,0,5.0,6,Medium,internal,Y 2020–2024
IMG_4223.jpeg,0,0.0,6,Dark,internal,3 2017–2023
IMG_4224.jpeg,0,0.0,6,Dark,internal,3 2017–2023
IMG_4225.jpeg,0,0.0,6,Dark,internal,3 2017–2023
IMG_4226.jpeg,0,5.0,6,Dark,internal,Y 2020–2024
IMG_4227.jpeg,0,5.0,6,Dark,internal,Y 2020–2024
IMG_4228.jpeg,0,5.0,6,Dark,internal,Y 2020–2024
IMG_4289.jpeg,0,5.0,6,Dark,internal,Y 2020–2024
IMG_4290.jpeg,0,5.0,6,Dark,internal,Y 2020–2024
IMG_4291.jpeg,0,5.0,6,Dark,internal,Y 2020–2024
IMG_3752.jpeg,0,1.0,6,Dark,internal,3 2024–nå
IMG_3753.jpeg,0,1.0,6,Dark,internal,3 2024–nå
IMG_3754.jpeg,0,1.0,6,Dark,internal,3 2024–nå
IMG_3755.jpeg,0,5.0,6,Dark,internal,Y 2020–2024
IMG_3756.jpeg,0,5.0,6,Dark,internal,Y 2020–2024
IMG_3757.jpeg,0,5.0,6,Dark,internal,Y 2020–2024
IMG_3760.jpeg,0,5.0,0,Dark,internal,Y 2020–2024
IMG_3761.jpeg,0,5.0,1,Dark,internal,Y 2020–2024
IMG_3762.jpeg,0,5.0,1,Dark,internal,Y 2020–2024
IMG_3763.jpeg,0,5.0,1,Dark,internal,Y 2020–2024
IMG_3764.jpeg,0,5.0,6,Dark,internal,Y 2020–2024
IMG_3765.jpeg,0,5.0,6,Dark,internal,Y 2020–2024
IMG_3766.jpeg,0,5.0,6,Dark,internal,Y 2020–2024
IMG_3767.jpeg,0,5.0,6,Dark,internal,Y 2020–2024
IMG_3768.jpeg,0,5.0,6,Dark,internal,Y 2020–2024
IMG_3769.jpeg,0,5.0,6,Dark,internal,Y 2020–2024
IMG_3770.jpeg,0,5.0,0,Dark,internal,Y 2020–2024
IMG_3771.jpeg,0,5.0,0,Dark,internal,Y 2020–2024
IMG_3772.jpeg,0,5.0,0,Dark,internal,Y 2020–2024
IMG_3773.jpeg,0,5.0,0,Dark,internal,Y 2020–2024
IMG_3774.jpeg,0,5.0,0,Dark,internal,Y 2020–2024
IMG_3775.jpeg,0,5.0,0,Dark,internal,Y 2020–2024
IMG_3776.jpeg,0,6.0,6,Dark,internal,Y 2025-nå
IMG_3777.jpeg,0,6.0,6,Dark,internal,Y 2025-nå
IMG_3778.jpeg,0,6.0,6,Dark,internal,Y 2025-nå
IMG_3779.jpeg,0,5.0,0,Dark,internal,Y 2020–2024
IMG_3780.jpeg,0,5.0,0,Dark,internal,Y 2020–2024
IMG_3781.jpeg,0,5.0,0,Dark,internal,Y 2020–2024
IMG_3782.jpeg,0,1.0,6,Dark,internal,3 2024–nå
IMG_3783.jpeg,0,1.0,6,Dark,internal,3 2024–nå
IMG_3784.jpeg,0,1.0,6,Dark,internal,3 2024–nå
IMG_3785.jpeg,0,5.0,3,Dark,internal,Y 2020–2024
IMG_3786.jpeg,0,5.0,3,Dark,internal,Y 2020–2024
IMG_3787.jpeg,0,5.0,3,Dark,internal,Y 2020–2024
IMG_3788.jpeg,0,2.0,5,Dark,internal,S 2012–2015
IMG_3789.jpeg,0,2.0,5,Dark,internal,S 2012–2015
IMG_3790.jpeg,0,2.0,5,Dark,internal,S 2012–2015
IMG_3791.jpeg,0,2.0,5,Dark,internal,S 2012–2015
IMG_3792.jpeg,0,5.0,0,Dark,internal,Y 2020–2024
IMG_3793.jpeg,0,5.0,0,Dark,internal,Y 2020–2024
IMG_3794.jpeg,0,5.0,0,Dark,internal,Y 2020–2024
IMG_3795.jpeg,0,5.0,6,Dark,internal,Y 2020–2024
IMG_3796.jpeg,0,5.0,6,Dark,internal,Y 2020–2024
IMG_3797.jpeg,0,5.0,6,Dark,internal,Y 2020–2024
IMG_3798.jpeg,0,1.0,6,Dark,internal,3 2024–nå
IMG_3799.jpeg,0,1.0,6,Dark,internal,3 2024–nå
IMG_3800.jpeg,0,1.0,6,Dark,internal,3 2024–nå
IMG_3801.jpeg,0,5.0,6,Dark,internal,Y 2020–2024
IMG_3802.jpeg,0,5.0,6,Dark,internal,Y 2020–2024
IMG_3803.jpeg,0,5.0,6,Dark,internal,Y 2020–2024
IMG_3804.jpeg,0,5.0,1,Dark,internal,Y 2020–2024
IMG_3805.jpeg,0,5.0,1,Dark,internal,Y 2020–2024
IMG_3806.jpeg,0,5.0,1,Dark,internal,Y 2020–2024
IMG_3807.jpeg,0,6.0,6,Dark,internal,Y 2025-nå
IMG_3808.jpeg,0,6.0,6,Dark,internal,Y 2025-nå
IMG_3809.jpeg,0,6.0,6,Dark,internal,Y 2025-nå
IMG_3810.jpeg,0,5.0,6,Dark,internal,Y 2020–2024
IMG_3811.jpeg,0,5.0,6,Dark,internal,Y 2020–2024
IMG_3812.jpeg,0,5.0,6,Dark,internal,Y 2020–2024
IMG_3813.jpeg,0,5.0,0,Dark,internal,Y 2020–2024
IMG_3814.jpeg,0,5.0,0,Dark,internal,Y 2020–2024
IMG_3815.jpeg,0,5.0,0,Dark,internal,Y 2020–2024
IMG_3816.jpeg,0,6.0,6,Dark,internal,Y 2025-nå
IMG_3817.jpeg,0,6.0,6,Dark,internal,Y 2025-nå
IMG_3818.jpeg,0,6.0,6,Dark,internal,Y 2025-nå
IMG_3819.jpeg,0,0.0,6,Dark,internal,3 2017–2023
IMG_3820.jpeg,0,0.0,6,Dark,internal,3 2017–2023
IMG_3821.jpeg,0,0.0,6,Dark,internal,3 2017–2023
IMG_3822.jpeg,0,5.0,0,Dark,internal,Y 2020–2024
IMG_3823.jpeg,0,5.0,0,Dark,internal,Y 2020–2024
IMG_3824.jpeg,0,5.0,0,Dark,internal,Y 2020–2024
IMG_3825.jpeg,0,4.0,0,Dark,internal,X
IMG_3826.jpeg,0,4.0,0,Dark,internal,X
IMG_3827.jpeg,0,4.0,0,Dark,internal,X
IMG_3828.jpeg,0,0.0,6,Dark,internal,3 2017–2023
IMG_3829.jpeg,0,0.0,6,Dark,internal,3 2017–2023
IMG_3830.jpeg,0,0.0,6,Dark,internal,3 2017–2023
IMG_3831.jpeg,0,1.0,6,Dark,internal,3 2024–nå
IMG_3832.jpeg,0,1.0,6,Dark,internal,3 2024–nå
IMG_3833.jpeg,0,1.0,6,Dark,internal,3 2024–nå
IMG_3834.jpeg,0,4.0,3,Dark,internal,X
IMG_3835.jpeg,0,4.0,3,Dark,internal,X
IMG_3836.jpeg,0,4.0,3,Dark,internal,X
IMG_3837.jpeg,0,1.0,5,Dark,internal,3 2024–nå
IMG_3839.jpeg,0,1.0,5,Dark,internal,3 2024–nå
IMG_3840.jpeg,0,1.0,5,Dark,internal,3 2024–nå
IMG_3841.jpeg,0,1.0,5,Dark,internal,3 2024–nå
IMG_3842.jpeg,0,1.0,5,Dark,internal,3 2024–nå
IMG_3843.jpeg,0,5.0,6,Dark,internal,Y 2020–2024
IMG_3844.jpeg,0,5.0,6,Dark,internal,Y 2020–2024
IMG_3846.jpeg,0,5.0,6,Dark,internal,Y 2020–2024
IMG_3847.jpeg,0,5.0,6,Dark,internal,Y 2020–2024
IMG_3848.jpeg,0,5.0,6,Dark,internal,Y 2020–2024
IMG_3849.jpeg,0,3.0,6,Dark,internal,S 2016–nå
IMG_3850.jpeg,0,3.0,6,Dark,internal,S 2016–nå
IMG_3851.jpeg,0,3.0,6,Dark,internal,S 2016–nå
IMG_3852.jpeg,0,0.0,0,Dark,internal,3 2017–2023
IMG_3853.jpeg,0,0.0,0,Dark,internal,3 2017–2023
IMG_3854.jpeg,0,0.0,0,Dark,internal,3 2017–2023
IMG_3855.jpeg,0,4.0,0,Dark,internal,X
IMG_3856.jpeg,0,4.0,0,Dark,internal,X
IMG_3857.jpeg,0,4.0,0,Dark,internal,X
IMG_3859.jpeg,0,6.0,0,Dark,internal,Y 2025-nå
IMG_3860.jpeg,0,6.0,0,Dark,internal,Y 2025-nå
IMG_3861.jpeg,0,5.0,0,Dark,internal,Y 2020–2024
IMG_3862.jpeg,0,5.0,0,Dark,internal,Y 2020–2024
IMG_3863.jpeg,0,5.0,0,Dark,internal,Y 2020–2024
IMG_3864.jpeg,0,0.0,0,Dark,internal,3 2017–2023
IMG_3865.jpeg,0,0.0,0,Dark,internal,3 2017–2023
IMG_3866.jpeg,0,0.0,0,Dark,internal,3 2017–2023
IMG_3867.jpeg,0,0.0,0,Dark,internal,3 2017–2023
IMG_3868.jpeg,0,0.0,0,Dark,internal,3 2017–2023
IMG_3869.jpeg,0,0.0,0,Dark,internal,3 2017–2023
IMG_4137.jpeg,0,5.0,0,Dark,internal,Y 2020–2024
IMG_4138.jpeg,0,5.0,0,Dark,internal,Y 2020–2024
IMG_4139.jpeg,0,5.0,0,Dark,internal,Y 2020–2024
IMG_4146.jpeg,0,0.0,0,Dark,internal,3 2017–2023
IMG_4147.jpeg,0,0.0,0,Dark,internal,3 2017–2023
IMG_4148.jpeg,0,4.0,0,Dark,internal,X
IMG_4149.jpeg,0,5.0,6,Dark,internal,Y 2020–2024
IMG_4151.jpeg,0,5.0,6,Dark,internal,Y 2020–2024
IMG_4153.jpeg,0,0.0,6,Dark,internal,3 2017–2023
IMG_4154.jpeg,0,0.0,6,Dark,internal,3 2017–2023
IMG_4155.jpeg,0,5.0,0,Dark,internal,Y 2020–2024
IMG_4156.jpeg,0,5.0,0,Dark,internal,Y 2020–2024
IMG_4157.jpeg,0,5.0,0,Dark,internal,Y 2020–2024
IMG_4158.jpeg,0,5.0,0,Dark,internal,Y 2020–2024
IMG_4159.jpeg,0,5.0,0,Dark,internal,Y 2020–2024
IMG_4160.jpeg,0,5.0,0,Dark,internal,Y 2020–2024
IMG_4162.jpeg,0,5.0,0,Dark,internal,Y 2020–2024
IMG_4164.jpeg,0,5.0,6,Dark,internal,Y 2020–2024
IMG_4168.jpeg,0,5.0,0,Dark,internal,Y 2020–2024
IMG_4169.jpeg,0,5.0,0,Dark,internal,Y 2020–2024
IMG_4196.jpeg,0,1.0,6,Dark,internal,3 2024–nå
IMG_4197.jpeg,0,1.0,6,Dark,internal,3 2024–nå
IMG_4198.jpeg,0,1.0,6,Dark,internal,3 2024–nå
IMG_4199.jpeg,0,5.0,6,Dark,internal,Y 2020–2024
IMG_4200.jpeg,0,5.0,6,Dark,internal,Y 2020–2024
IMG_4214.jpeg,0,0.0,1,Dark,internal,3 2017–2023
IMG_4215.jpeg,0,0.0,1,Dark,internal,3 2017–2023
IMG_4216.jpeg,0,0.0,1,Dark,internal,3 2017–2023
IMG_4217.jpeg,0,5.0,0,Dark,internal,Y 2020–2024
IMG_4218.jpeg,0,5.0,0,Dark,internal,Y 2020–2024
IMG_4219.jpeg,0,5.0,0,Dark,internal,Y 2020–2024
IMG_4220.jpeg,0,3.0,0,Dark,internal,S 2016–nå
IMG_4221.jpeg,0,3.0,0,Dark,internal,S 2016–nå
IMG_4222.jpeg,0,3.0,0,Dark,internal,S 2016–nå
IMG_4229.jpeg,0,6.0,0,Dark,internal,Y 2025-nå
IMG_4230.jpeg,0,6.0,0,Dark,internal,Y 2025-nå
IMG_4231.jpeg,0,6.0,0,Dark,internal,Y 2025-nå
IMG_4232.jpeg,0,6.0,0,Dark,internal,Y 2025-nå
IMG_4233.jpeg,0,6.0,0,Dark,internal,Y 2025-nå
IMG_4234.jpeg,0,6.0,0,Dark,internal,Y 2025-nå
IMG_4235.jpeg,0,2.0,0,Dark,internal,S 2012–2015
IMG_4236.jpeg,0,2.0,0,Dark,internal,S 2012–2015
IMG_4237.jpeg,0,2.0,0,Dark,internal,S 2012–2015
IMG_4238.jpeg,0,6.0,0,Dark,internal,Y 2025-nå
IMG_4239.jpeg,0,6.0,0,Dark,internal,Y 2025-nå
IMG_4240.jpeg,0,6.0,0,Dark,internal,Y 2025-nå
IMG_4241.jpeg,0,6.0,6,Dark,internal,Y 2025-nå
IMG_4242.jpeg,0,6.0,6,Dark,internal,Y 2025-nå
IMG_4243.jpeg,0,6.0,6,Dark,internal,Y 2025-nå
IMG_4244.jpeg,0,6.0,0,Dark,internal,Y 2025-nå
IMG_4245.jpeg,0,6.0,0,Dark,internal,Y 2025-nå
IMG_4246.jpeg,0,6.0,0,Dark,internal,Y 2025-nå
IMG_4247.jpeg,0,5.0,6,Dark,internal,Y 2020–2024
IMG_4248.jpeg,0,5.0,6,Dark,internal,Y 2020–2024
IMG_4249.jpeg,0,5.0,6,Dark,internal,Y 2020–2024
IMG_4251.jpeg,0,0.0,0,Dark,internal,3 2017–2023
IMG_4252.jpeg,0,0.0,0,Dark,internal,3 2017–2023
IMG_4253.jpeg,0,0.0,0,Dark,internal,3 2017–2023
IMG_4254.jpeg,0,5.0,0,Dark,internal,Y 2020–2024
IMG_4255.jpeg,0,5.0,0,Dark,internal,Y 2020–2024
IMG_4256.jpeg,0,5.0,0,Dark,internal,Y 2020–2024
IMG_4257.jpeg,0,5.0,5,Dark,internal,Y 2020–2024
IMG_4259.jpeg,0,5.0,5,Dark,internal,Y 2020–2024
IMG_4260.jpeg,0,3.0,0,Dark,internal,S 2016–nå
IMG_4261.jpeg,0,3.0,0,Dark,internal,S 2016–nå
IMG_4262.jpeg,0,3.0,0,Dark,internal,S 2016–nå
IMG_4263.jpeg,0,6.0,0,Dark,internal,Y 2025-nå
IMG_4265.jpeg,0,6.0,0,Dark,internal,Y 2025-nå
IMG_4272.jpeg,0,6.0,6,Dark,internal,Y 2025-nå
IMG_4273.jpeg,0,6.0,6,Dark,internal,Y 2025-nå
IMG_4274.jpeg,0,6.0,6,Dark,internal,Y 2025-nå
IMG_4275.jpeg,0,0.0,0,Dark,internal,3 2017–2023
IMG_4276.jpeg,0,0.0,0,Dark,internal,3 2017–2023
IMG_4280.jpeg,0,1.0,0,Dark,internal,3 2024–nå
IMG_4282.jpeg,0,6.0,0,Dark,internal,Y 2025-nå
IMG_4283.jpeg,0,5.0,0,Dark,internal,Y 2020–2024
IMG_4284.jpeg,0,5.0,0,Dark,internal,Y 2020–2024
IMG_4285.jpeg,0,5.0,0,Dark,internal,Y 2020–2024
IMG_4287.jpeg,0,0.0,0,Dark,internal,3 2017–2023
IMG_4288.jpeg,0,0.0,0,Dark,internal,3 2017–2023
IMG_4292.jpeg,0,4.0,6,Dark,internal,X
IMG_4293.jpeg,0,4.0,6,Dark,internal,X
IMG_4294.jpeg,0,4.0,6,Dark,internal,X
IMG_4295.jpeg,0,5.0,6,Dark,internal,Y 2020–2024
IMG_4296.jpeg,0,5.0,6,Dark,internal,Y 2020–2024
IMG_4297.jpeg,0,5.0,6,Dark,internal,Y 2020–2024
IMG_4298.jpeg,0,0.0,0,Dark,internal,3 2017–2023
IMG_4299.jpeg,0,0.0,0,Dark,internal,3 2017–2023
IMG_4300.jpeg,0,0.0,0,Dark,internal,3 2017–2023
IMG_4301.jpeg,0,6.0,0,Dark,internal,Y 2025-nå
IMG_4302.jpeg,0,6.0,0,Dark,internal,Y 2025-nå
IMG_4303.jpeg,0,6.0,0,Dark,internal,Y 2025-nå
IMG_4304.jpeg,0,0.0,0,Dark,internal,3 2017–2023
IMG_4305.jpeg,0,0.0,0,Dark,internal,3 2017–2023
IMG_4306.jpeg,0,0.0,0,Dark,internal,3 2017–2023
IMG_4311.jpeg,1,,6,Light,internal,Other car
IMG_4312.jpeg,1,,6,Light,internal,Other car
IMG_4314.jpeg,1,,1,Light,internal,Other car
IMG_4315.jpeg,1,,0,Light,internal,Other car
IMG_4316.jpeg,1,,0,Light,internal,Other car
IMG_4317.jpeg,1,,6,Light,internal,Other car
IMG_4318.jpeg,1,,3,Light,internal,Other car
IMG_4319.jpeg,1,,3,Light,internal,Other car
IMG_4320.jpeg,1,,0,Light,internal,Other car
IMG_4321.jpeg,1,,3,Light,internal,Other car
IMG_4322.jpeg,1,,3,Light,internal,Other car
IMG_4323.jpeg,1,,0,Light,internal,Other car
IMG_4324.jpeg,1,,0,Light,internal,Other car
IMG_4325.jpeg,1,,3,Light,internal,Other car
IMG_4326.jpeg,1,,6,Light,internal,Other car
IMG_4327.jpeg,1,,6,Light,internal,Other car
IMG_4328.jpeg,1,,5,Light,internal,Other car
IMG_4329.jpeg,1,,6,Light,internal,Other car
IMG_4330.jpeg,1,,1,Light,internal,Other car
IMG_4331.jpeg,1,,7,Light,internal,Other car
IMG_4332.jpeg,1,,3,Light,internal,Other car
IMG_4333.jpeg,1,,1,Light,internal,Other car
IMG_4334.jpeg,1,,0,Light,internal,Other car
IMG_4335.jpeg,1,,3,Light,internal,Other car
IMG_4336.jpeg,1,,3,Light,internal,Other car
IMG_4337.jpeg,1,,0,Light,internal,Other car
IMG_4338.jpeg,1,,3,Light,internal,Other car
IMG_4339.jpeg,1,,3,Light,internal,Other car
IMG_4340.jpeg,1,,1,Medium,internal,Other car
IMG_4341.jpeg,1,,3,Medium,internal,Other car
IMG_4342.jpeg,1,,0,Medium,internal,Other car
IMG_4343.jpeg,1,,0,Medium,internal,Other car
IMG_4344.jpeg,1,,6,Medium,internal,Other car
IMG_4345.jpeg,1,,5,Medium,internal,Other car
IMG_4346.jpeg,1,,6,Medium,internal,Other car
IMG_4347.jpeg,1,,0,Medium,internal,Other car
IMG_4348.jpeg,1,,0,Medium,internal,Other car
IMG_4349.jpeg,1,,0,Medium,internal,Other car
IMG_4350.jpeg,1,,0,Medium,internal,Other car
IMG_4351.jpeg,1,,3,Medium,internal,Other car
IMG_4352.jpeg,1,,0,Medium,internal,Other car
IMG_4353.jpeg,1,,3,Medium,internal,Other car
IMG_4354.jpeg,1,,0,Medium,internal,Other car
IMG_4355.jpeg,1,,3,Medium,internal,Other car
IMG_4356.jpeg,1,,6,Medium,internal,Other car
IMG_4357.jpeg,1,,1,Medium,internal,Other car
IMG_4358.jpeg,1,,3,Medium,internal,Other car
IMG_4359.jpeg,1,,3,Medium,internal,Other car
IMG_4360.jpeg,1,,0,Medium,internal,Other car
IMG_4361.jpeg,1,,3,Medium,internal,Other car
IMG_4362.jpeg,1,,0,Medium,internal,Other car
IMG_4363.jpeg,1,,0,Medium,internal,Other car
IMG_4364.jpeg,1,,6,Medium,internal,Other car
IMG_4365.jpeg,1,,3,Medium,internal,Other car
IMG_4366.jpeg,1,,0,Medium,internal,Other car
IMG_4367.jpeg,1,,6,Medium,internal,Other car
IMG_4368.jpeg,1,,6,Dark,internal,Other car
IMG_4369.jpeg,1,,3,Dark,internal,Other car
IMG_4370.jpeg,1,,3,Dark,internal,Other car
IMG_4371.jpeg,1,,3,Dark,internal,Other car
IMG_4372.jpeg,1,,0,Dark,internal,Other car
IMG_4373.jpeg,1,,6,Dark,internal,Other car
IMG_4374.jpeg,1,,0,Dark,internal,Other car
IMG_4375.jpeg,1,,6,Dark,internal,Other car
IMG_4376.jpeg,1,,3,Dark,internal,Other car
IMG_4377.jpeg,1,,1,Dark,internal,Other car
IMG_4378.jpeg,1,,4,Dark,internal,Other car
IMG_4379.jpeg,1,,0,Dark,internal,Other car
IMG_4380.jpeg,1,,0,Dark,internal,Other car
IMG_4381.jpeg,1,,3,Dark,internal,Other car
IMG_4382.jpeg,1,,0,Dark,internal,Other car
IMG_4383.jpeg,1,,0,Dark,internal,Other car
IMG_4384.jpeg,1,,0,Dark,internal,Other car
IMG_4385.jpeg,1,,3,Dark,internal,Other car
IMG_4386.jpeg,1,,3,Dark,internal,Other car
IMG_4387.jpeg,1,,0,Dark,internal,Other car
IMG_4388.jpeg,1,,0,Dark,internal,Other car
IMG_4389.jpeg,1,,3,Dark,internal,Other car
IMG_4390.jpeg,1,,3,Dark,internal,Other car
IMG_4391.jpeg,1,,5,Dark,internal,Other car
IMG_4392.jpeg,1,,1,Dark,internal,Other car
IMG_4393.jpeg,1,,0,Dark,internal,Other car
IMG_4394.jpeg,1,,5,Dark,internal,Other car
IMG_4395.jpeg,1,,0,Dark,internal,Other car
IMG_4396.jpeg,1,,3,Dark,internal,Other car
